"Indigenous","Illiteracy","Urbanisation","Density","Poverty","Poor_Sanitation","Unemployment","Timeliness","Year","TB","Population","Region","lon","lat","TB_rate","Predicted_Risk"
0.334986675,6.354471495,84.10664051,0.713508272,31.27839261,15.26997493,5.41120811,59.2395437262,2012,323,559543,11001,-60.6732648777446,-12.1375562216968,0.000577256797064747,0.000334972031644215
6.446776612,8.493550242,71.36291667,0.742960392,48.59763297,29.36466402,5.916373064,58.064516129,2012,15,73193,11002,-64.0285860057704,-9.43154092944457,0.00020493763064774,0.000301255010240981
0.160093485,10.21167961,66.9675723,0.66382054,42.28297994,31.92353738,4.084887144,88.6524822695,2012,47,176003,11003,-62.3563835789341,-10.636676463161,0.000267040902711886,0.000226527884743624
0.549301781,10.29428599,68.67524521,0.595117232,38.89858174,28.53455212,5.49725876,75.1552795031,2012,45,294157,11004,-64.0978147371483,-11.6949146980331,0.000152979531338707,0.000232969623408525
0.317736236,11.41837821,42.84594779,0.638516772,51.57131346,48.40628779,4.035860432,58.3333333333,2012,17,69841,11005,-61.2160975495619,-13.153460175999,0.000243410031356939,0.000176590227780435
1.023171437,10.26799424,66.49737963,0.59465871,39.10928853,29.28719604,5.578758125,69.3181818182,2012,66,228654,11006,-61.6887785811353,-11.932732730847,0.000288645726731218,0.000246823880368398
0.821544051,7.811039795,82.75737317,0.592796525,31.71298235,12.12468257,6.040940062,88.7640449438,2012,24,136730,11007,-62.5666219086101,-9.6590901135286,0.000175528413661962,0.000291807094352043
0.111255681,11.78291063,65.34102695,0.555026773,40.84771834,29.25861343,5.059368082,41.1764705882,2012,5,51890,11008,-62.883700177939,-11.6058899327112,9.63576797070726e-05,0.000179183892574516
3.26071252,22.84087077,57.5514239,1.010474317,60.54176072,32.8302521,6.722286362,50,2012,59,135803,12001,-71.1248769693091,-8.6984193450702,0.00043445284713887,0.000390990099368695
8.279810671,32.39558083,51.2999638,1.231924597,65.52160964,44.53638201,4.761272623,45,2012,13,76221,12002,-69.6590573259369,-9.6142587351303,0.000170556670733787,0.000246266108803564
7.816413877,26.12584536,63.67132798,1.032349834,58.63709342,35.37165262,7.526260504,58.3333333333,2012,13,52651,12003,-67.9204695876503,-9.98272167254455,0.000246908890619361,0.000375599336590543
0.184878251,11.01452156,83.02779392,0.796628837,42.60302694,11.74802529,8.64702312,31.6161616162,2012,246,433224,12004,-72.8619437197524,-8.2736824723849,0.000567835576976345,0.000502252565173049
1.230800702,19.10776332,66.32174699,0.826226078,55.68908471,28.96636086,5.895376601,70.9090909091,2012,19,60887,12005,-69.1597208679496,-10.7140791243705,0.000312053476111485,0.000373144701206113
50.64622783,23.38727148,48.26342464,1.462993465,48.0722246,45.45814256,7.683733373,36.0902255639,2012,48,99826,13001,-65.4698308927908,-4.02048893783099,0.000480836655781059,0.000427027749098735
10.04667257,21.05630363,48.48716504,1.529979184,72.38630846,47.04287827,15.43926766,0,2012,0,25044,13002,-59.9236399964055,-1.58792407579275,0,0.000194545623538504
27.6227833,21.74746004,58.06581167,1.415514478,70.701607,39.52474549,6.358735604,43.023255814,2012,103,231482,13003,-65.1316647723724,-0.341505760119682,0.000444959003291833,0.000384985544841503
4.307559936,33.10752572,62.22065783,1.141230494,72.10022986,40.09565887,6.539285536,48.3606557377,2012,42,131695,13004,-65.1024078406029,-7.14068493288451,0.000318918713694521,0.00027486393446227
3.012626956,15.78502392,74.05869704,1.223541848,66.95602185,20.83382825,5.363723216,30.3921568627,2012,43,87520,13005,-58.1999864639076,-2.90873197652239,0.000491316270566728,0.00029556444415707
0.947010771,18.12290859,60.82227611,1.162765525,66.90984234,35.1274883,9.134779153,39.7435897436,2012,46,156671,13006,-60.2497954240102,-3.30628376898618,0.000293608900179357,0.000299550916745533
0.655296107,4.908563328,93.81673086,0.859304851,41.11020878,4.893957443,10.48384884,75.5391679421,2012,1829,2106861,13007,-60.5444329766787,-6.68304796677017,0.000868116121566634,0.000733486177782353
1.359322418,9.20050398,47.65379816,0.886108676,55.57789907,37.74024024,10.4288499,50,2012,32,55600,13008,-68.7108626211151,-5.97852530364941,0.000575539568345324,0.000352730275130287
0.640017892,9.758551308,60.9832464,1.141540994,67.23815461,30.63258905,8.40687899,59.2039800995,2012,51,156384,13009,-67.5567791987594,-1.86797931340383,0.000326120319214242,0.000444140707091002
5.002884457,8.04621121,57.0669194,1.239283362,73.76745961,35.57395953,7.824594627,45.2145214521,2012,77,248506,13010,-58.5614995001586,-3.14843769287629,0.000309851673601442,0.000317987220324471
5.985901062,27.76636629,58.63355056,1.134660409,71.10207284,39.8761549,8.986358353,46,2012,22,49500,13011,-63.2206725824278,-4.12235223843046,0.000444444444444444,0.00031338632530044
7.64428333,29.40647482,59.7085563,1.069121526,70.59885081,42.57862055,6.897341888,54.7945205479,2012,12,70911,13012,-68.1455061555745,-8.10890906823312,0.000169226213140415,0.000336253789257593
6.279012212,16.29878895,54.2987873,1.105599204,65.44075289,42.30250896,8.442431181,40.5882352941,2012,56,170985,13013,-69.6979534058312,-4.759301693105,0.000327514109424803,0.000382421605256533
8.390401877,8.206570892,89.95104845,0.797905682,38.37150736,6.075712543,7.358698227,64.1089108911,2012,91,334076,14001,-60.4959323485675,0.318277131651132,0.000272393108155031,0.000444805643164837
44.71062619,17.07399434,22.33633776,1.353582541,57.66587112,48.46559707,9.245283019,53.8461538462,2012,11,44023,14002,-60.2495402963454,3.40396619599689,0.000249869386457079,0.000399428951654248
6.188225183,18.24739612,57.11454901,0.94739038,53.79554656,32.51801289,8.424441612,40,2012,7,43635,14003,-61.7495014751562,1.47919422375484,0.000160421679844162,0.000278033700322579
2.835859906,13.32681974,50.54669803,0.842478587,56.25716806,31.09534522,6.860729959,68.75,2012,12,47790,14004,-62.2234462980585,3.4860616121963,0.000251098556183302,0.000270199474284207
2.092883221,10.84206629,53.12386419,1.171584254,70.29388099,31.45797512,7.813914825,46.4788732394,2012,40,189429,15001,-49.9226578045601,-4.54509238502148,0.000211160909892361,0.000293222649049725
0.639185343,10.37482105,60.78617527,0.956100121,62.77746643,27.27702614,7.956556032,43.2098765432,2012,131,492734,15002,-48.6825489438201,-2.57331291148418,0.000265863528800529,0.000265555084371562
1.213556312,17.41492639,51.12919935,1.237581781,65.28843996,36.65421635,8.156437931,56.0975609756,2012,14,69092,15003,-51.9518831204717,-7.4381954953266,0.000202628379551902,0.000304896968819153
0.016165535,28.96888562,38.94816252,1.675060883,77.88346645,57.85149385,9.060787245,54.2857142857,2012,22,135041,15004,-54.6547047252305,-1.87149017708976,0.000162913485534023,0.000159415683555284
0.039683706,24.89057218,42.31164937,1.499051705,75.79084748,55.58191744,7.924277751,63.28125,2012,38,209923,15005,-47.7765449224519,-0.819896344051304,0.000181018754495696,0.00015752290063611
0.040525525,13.90592642,48.6907641,1.155836016,71.62642255,38.54480923,8.836839415,43.4343434343,2012,36,158333,15006,-49.5923159993611,-7.10067438183369,0.000227368899723999,0.000273694976715083
0.161463789,3.754233374,94.76295305,0.777849187,40.3013377,2.661755778,10.68357178,62.4945738677,2012,1880,2185084,15007,-51.0158936045642,-2.13530529053181,0.000860378822965158,0.00049855889635354
0.082028059,9.219134649,75.2892167,0.823821942,57.50872828,14.65724772,8.974411801,52.508361204,2012,185,305405,15008,-50.1595030816631,-6.38405311299633,0.000605753016486305,0.000358005168636993
0.059479012,11.41648049,53.2252191,0.922544618,67.27691113,15.43200749,6.932256932,37.1165644172,2012,110,251888,15009,-48.0515115111128,-3.84793499752322,0.000436702026297402,0.000260037907057597
0.081250898,17.97179397,56.30765613,0.878767078,69.3704302,25.78283337,7.573189361,36.3420427553,2012,131,390863,15010,-56.8793935516248,-0.104452760369033,0.000335155796276445,0.000256015418268971
0.038646062,13.74472489,49.50903495,1.246343048,74.00576435,42.66705076,7.309061537,75.5555555556,2012,101,449907,15011,-49.6610215278814,-5.64148273123267,0.000224490839217883,0.000267310421469483
0.233643235,17.39844337,49.7698336,1.117831845,68.50080108,36.63171794,9.384440383,55,2012,88,299079,15012,-56.4234728663554,-6.45248571774687,0.000294236639817573,0.000367335804645716
0.237253657,22.50068685,38.31865168,0.970897205,74.23657334,39.25540868,5.860432222,49.1150442478,2012,81,441719,15013,-47.1890032186994,-2.07440279214064,0.000183374498266998,0.000185469505429482
4.245195222,15.34141,56.05853072,0.884188895,56.77665894,32.75117977,6.477703557,34.2741935484,2012,72,240165,15014,-50.3744026719005,-0.8876769832372,0.000299793891699457,0.000184154824635034
1.875273843,16.20522624,58.56287425,0.811619783,54.69351026,38.91816294,5.465687828,56.880733945,2012,67,283554,15015,-50.193996488002,-8.70188611490172,0.000236286562700579,0.000195923500609114
0.52965071,16.84462005,67.98471249,0.840791391,62.00124841,27.62823323,9.747115346,60.4651162791,2012,68,340793,15016,-48.0311731032035,-1.38433555348913,0.000199534614854178,0.000281187070199193
0.678867093,16.82173258,71.07964529,0.829550943,59.87976297,19.36936317,10.85773649,67.4641148325,2012,71,306994,15017,-49.5320582023141,-2.36570256410987,0.000231274878336384,0.000333122844350199
2.544411436,12.85335537,57.68735793,0.802832391,50.58523116,36.20559868,7.418384629,57.4257425743,2012,50,177935,15018,-47.0732011105856,-1.14910933406776,0.000281001489307893,0.000176386471605485
0.511035952,10.93104978,75.61963598,0.775363759,45.6088843,17.04848931,10.32037285,54.7244094488,2012,66,271172,15019,-48.4939626655269,-1.36137211316836,0.000243387960408892,0.000248441735350144
0.189993889,13.1479622,74.79086625,0.78682536,50.54422996,19.08921706,9.036023176,66.6666666667,2012,85,295238,15020,-49.364478005612,-0.523034325630787,0.00028790331867849,0.000251780765850214
0.503848463,14.53022863,75.98995578,0.691051608,50.6051672,22.91904905,7.678847666,57.2222222222,2012,54,185608,15021,-53.3584108008835,-5.66800403868921,0.000290935735528641,0.000301907697637972
0.258991543,15.53263727,56.47917825,0.731634041,58.75002774,40.66872119,11.96196745,54.2372881356,2012,12,142249,15022,-53.6340250165028,-0.191710635744456,8.43591167600475e-05,0.000186523461943351
18.92642922,10.23295852,71.70354807,1.06502361,49.3102253,21.32384962,8.935268221,43.3333333333,2012,12,31004,16001,-51.7113562824226,2.8342644579527,0.000387046832666753,0.000310225080066526
0.040941658,14.0387887,62.87001024,1.129979359,65.69240902,30.7037037,10.75041167,80,2012,5,25619,16002,-52.8557324726391,0.655361711376273,0.0001951676490105,0.000313195410566694
0.311613175,7.424558944,93.01580036,0.890992066,45.52095298,5.094156657,11.85831665,70.3703703704,2012,159,569504,16003,-51.6857447582593,0.988555110447935,0.000279190312974097,0.000474839139035315
0.159937754,14.25608885,81.37805827,1.078095405,61.22143832,17.5959809,10.93051918,42.2535211268,2012,25,72475,16004,-50.8769641546233,1.57995378399117,0.00034494653328734,0.000308734853339
1.033778588,21.38664296,66.12669135,0.725457546,64.51604663,18.21081912,8.717875703,44,2012,21,199722,17001,-49.8585125034817,-11.3617554924533,0.000105146153152883,0.000281759290671925
0.275558203,12.58427302,83.5185338,0.645553413,45.00573639,13.04167869,6.787239185,78.4090909091,2012,38,286178,17002,-48.1467471131354,-10.1120041639631,0.000132784490771478,0.000239855888916636
0.194668747,15.12577077,70.02171576,0.594059948,50.36395857,23.84593798,6.13762159,30.4347826087,2012,8,143238,17003,-49.0026304839933,-9.11878121015153,5.58511009648278e-05,0.000168460763626948
3.068912605,11.40017573,79.06329201,0.571845482,43.16735175,17.70904926,7.1917999,40.9090909091,2012,40,118053,17004,-47.1656250000366,-9.53197341593414,0.000338830864103411,0.000169034315381945
0.201870031,10.00687893,84.70962053,0.556154313,37.98181858,13.56331691,6.702247613,52.9411764706,2012,10,139542,17005,-48.8449838510378,-11.9699369927054,7.16630118530622e-05,0.000171150503030349
1.099050876,6.136612791,91.4052239,0.621192844,32.33073532,6.815247173,6.359332827,54.0983606557,2012,42,338559,17006,-47.3425412806214,-12.1463450795668,0.000124055186835972,0.000190172278288716
3.612095933,21.18011637,56.63816475,0.750866753,63.45590083,34.48128113,7.564043629,55.5555555556,2012,5,73385,17007,-47.8995400026834,-6.03200887241816,6.81338148122913e-05,0.000217751765879099
0.06180679,19.23498733,71.18872238,0.598216618,56.84787979,26.57068063,10.02187227,55.1020408163,2012,21,119017,17008,-48.4465153176458,-7.34318106078121,0.000176445381752187,0.000234371639057737
0.07510245,21.08148557,47.61549723,0.783127958,74.06212997,34.97019107,5.836716828,25.7425742574,2012,52,185387,21001,-44.0031749327347,-2.92537898021364,0.000280494317293014,0.000187251707224274
0.160845623,5.19078126,83.37982021,0.70393166,42.70568053,5.15493995,11.7296108,36.3539445629,2012,674,1345368,21002,-44.2333448529728,-5.35285802942849,0.000500978171028299,0.000379549046078301
0.09243807,21.92016999,42.58479177,0.90492854,70.75357327,40.39963621,9.837973487,54.5454545455,2012,35,165969,21003,-47.1251836761184,-6.93944117451672,0.000210882755213323,0.000232934581076805
0.027241771,26.59378221,36.21566402,0.91643159,71.80190142,52.46211114,5.79846912,57.4468085106,2012,22,183427,21004,-45.9978576881303,-3.96687101688046,0.000119938722216468,0.000168108331107025
0.054414197,22.89171725,44.24441368,0.840406948,71.09315152,41.02425758,6.5600562,52.4822695035,2012,160,576587,21005,-44.8239627757538,-4.40111858919598,0.000277494983411003,0.000190235869514456
0.031790769,28.50068993,56.31141668,0.871804583,74.30941329,39.02212499,9.166019125,45.7943925234,2012,38,218636,21006,-44.7766866970633,-2.16721406690252,0.000173804862877111,0.000232664663213751
0.591491723,24.81937683,57.89129366,0.913607861,73.81612696,38.66687727,8.074276068,40.1041666667,2012,73,227567,21007,-43.0353527625571,-2.76021448766561,0.000320784648037721,0.00025481099998315
0.569331108,28.11515014,55.43543853,0.79958331,68.46885401,24.71427805,7.529920528,53.4274193548,2012,163,634376,21008,-44.1238760637466,-3.59065849217863,0.000256945407770786,0.000255365274332568
1.215631207,17.27397631,76.00773375,0.700855292,55.46329546,10.21015461,8.574439588,52.3195876289,2012,112,575448,21009,-47.1746411461435,-5.13163357883421,0.000194630965786657,0.000275062733696333
0.064324135,27.78590477,61.10962775,0.720867903,66.69035111,22.93087627,7.476146487,40.1515151515,2012,126,414136,21010,-46.075702189657,-2.33731561914139,0.000304247879923503,0.000209823508854615
6.086418685,27.76953511,47.04379901,0.790888483,66.50370289,26.72167649,7.043579326,32.0388349515,2012,58,316734,21011,-46.3135233576005,-8.47618326818682,0.000183118957863696,0.000207459554381515
0.067007287,28.25508027,57.81315437,0.684585311,67.18550744,13.86037984,5.204628272,23.3644859813,2012,35,192964,21012,-43.2683217119969,-4.36868515256178,0.000181380982981281,0.000168597276818097
0.035970964,32.50043137,37.35512694,0.808323467,73.21708252,40.63287595,8.054552942,30.612244898,2012,18,141956,21013,-44.0118940624767,-4.39729490937532,0.000126799853475725,0.000188014736564521
0.050949619,28.84914847,55.20891618,0.809396869,71.8075597,44.93522371,7.491610342,67.3913043478,2012,41,225548,21014,-43.2515762392851,-3.64276955017774,0.0001817794881799,0.000218011324758857
0.050329602,32.08176421,65.96167382,0.793851654,70.6633359,23.98396649,8.404530332,58.0508474576,2012,60,267789,21015,-44.1314797114091,-6.38470774305564,0.000224057000100826,0.000270985602032505
0.036673696,32.02392017,69.83703126,0.836694016,71.39561575,28.27026764,10.49248162,30.985915493,2012,22,89087,21016,-45.3557186632415,-7.13136181183804,0.000246949611054363,0.000275215440518926
0.091754799,24.78531815,73.13770185,0.72711245,64.55718758,19.08394089,7.148291866,68.0250783699,2012,121,424136,21017,-43.3972545939897,-5.24978993140483,0.000285285851707943,0.000284802402875059
0.120379482,29.054861,60.83415338,0.669936662,67.06500819,26.71837291,6.4314118,22.2222222222,2012,17,212427,21018,-42.4600229351935,-3.17446631470224,8.00274917971821e-05,0.000187305818685547
0.170105156,16.66144078,70.23887494,0.718324671,54.4036282,20.64093124,6.099525744,48.4848484848,2012,22,112995,21019,-45.1023369191897,-3.03889744330509,0.000194698880481437,0.000204433229058575
0.125742764,15.39497717,74.04945371,0.716797506,55.73842457,21.74372603,7.284768212,35.6164383562,2012,13,134229,21020,-45.6635753404265,-5.79246906540514,9.68494140610449e-05,0.000224971409659949
0.029396202,22.55449972,59.32153566,0.699636711,67.48338809,35.32838039,8.265378479,27.2727272727,2012,8,69548,21021,-44.2215045351555,-2.59750202509164,0.000115028469546213,0.000189790718274541
0.033093281,32.72787191,49.4249663,0.671636142,69.22109711,31.85427974,4.76290713,14.4827586207,2012,55,333303,22001,-41.6659986708039,-6.28890735263339,0.000165015016366489,0.000124224151396925
0.071826062,24.81296363,70.46861564,0.656657665,64.91765391,24.08194043,8.204303925,22.9681978799,2012,104,308877,22002,-42.6025064832222,-5.06796137961831,0.000336703606937389,0.000225914195019575
0.137202078,12.36473735,87.08899421,0.612961838,46.13753056,7.350078133,9.166944831,65.0236326806,2012,309,1017512,22003,-42.8767261345766,-8.80555510727016,0.000303681922178805,0.000278947277731809
0.021325154,30.35391501,51.97620657,0.629819552,67.78611095,28.69041496,7.050013941,21.8181818182,2012,42,221794,22004,-40.877619833991,-6.89908644643401,0.000189364906174198,0.000171089197444803
0.041287876,28.95100289,62.97853795,0.595082085,65.59607723,19.19605345,8.162765318,24.2424242424,2012,18,131478,22005,-41.8827508978421,-6.99255193436306,0.000136905033541733,0.000183892627542203
0.026916865,31.56544827,59.59682381,0.543966735,64.79869004,19.45056028,7.453771037,18.75,2012,12,104323,22006,-42.6643483854742,-6.1588629354565,0.000115027366927715,0.000147097712578052
0.032105674,20.30553787,68.76347292,0.665113086,57.03959484,26.29798903,9.149615934,17.3913043478,2012,10,44674,22007,-41.623113628378,-3.49530555423755,0.000223843846532659,0.000216134349450092
0.122898437,24.6872025,72.82961361,0.545072594,61.54074074,17.78520538,10.21432155,41.1764705882,2012,6,41017,22008,-43.0936068172128,-7.33338605126978,0.00014628081039569,0.000210398171312002
0.222141776,20.90655463,71.00473902,0.565900327,56.1477817,20.97902098,7.061421835,57.4468085106,2012,17,121889,22009,-44.561149609128,-10.2135200509967,0.000139471158184906,0.00014639948664904
0.137381352,23.08097693,56.69194786,0.651389046,64.78757611,23.61299665,7.53704037,22.2222222222,2012,12,89712,22010,-41.5951413272189,-5.19596697263466,0.000133761369716426,0.000204254434628457
0.06512633,28.46073641,44.08016459,0.642986608,65.28959363,47.66912944,6.714593557,24.4444444444,2012,11,137225,22011,-43.9727681319631,-7.6532379650006,8.01603206412826e-05,0.000105201591517543
0.050857309,21.37438095,53.43771191,0.642145515,67.12833483,41.77891314,9.08464533,33.3333333333,2012,5,83529,22012,-42.2422894337266,-4.03646060201094,5.98594500113733e-05,0.000184459947515168
0.091170032,25.56103195,58.18251038,0.563028116,59.60448565,14.20076159,6.804791047,22.2222222222,2012,48,201785,22013,-45.1015708431421,-8.28818486393713,0.000237876948236985,0.000123487723854961
0.043230157,33.74883504,42.38111707,0.624481069,64.9442334,39.79998809,5.341957662,11.1111111111,2012,6,58632,22014,-44.7179937138923,-9.24725014254406,0.000102333196889071,7.01472799890048e-05
0.124075163,32.21956534,40.05833442,0.646705742,69.50193566,44.73962991,6.787339268,14.2857142857,2012,39,264998,22015,-41.5803879492056,-7.95730008939157,0.000147170922044695,0.000105080347637207
0.705751305,29.33509132,53.98928211,0.748990442,73.7195297,29.75977442,6.655861054,31.2903225806,2012,92,366853,23001,-40.8513491338069,-4.53626366847507,0.000250781648235124,0.000247471798083082
0.055214932,27.54622254,50.36888994,0.632364658,71.24219867,26.65700741,4.402631844,32.9479768786,2012,49,300736,23002,-39.5383810317923,-6.64590819296347,0.000162933602894233,0.000171872764640496
0.012522809,35.23199271,59.27582382,0.70369204,72.99899591,30.15500847,6.879361914,36.3636363636,2012,27,56740,23003,-39.479998153642,-3.6748345692006,0.000475854776172013,0.000238503304149595
0.053139307,23.28173375,44.42446043,0.696258886,66.59956452,43.08443604,3.822000866,21.0526315789,2012,5,25005,23004,-40.208420819163,-3.73566973679138,0.0001999600079984,0.000119750359749133
0.058554159,23.20761485,73.88248207,0.68674386,62.84628207,14.26995578,7.798755704,35.9322033898,2012,255,389017,23005,-39.4830169698125,-5.80555080655405,0.000655498345830645,0.000286787605718496
0.899412762,29.76392516,58.28500324,0.606718469,71.14095428,21.54522775,6.703448276,28.2442748092,2012,49,137667,23006,-39.3025898244868,-5.0597166598796,0.000355931341570602,0.000217993283171353
0.019433648,28.53275998,53.73264853,0.58568023,72.40553893,36.37353931,6.422317247,33.3333333333,2012,27,72423,23007,-40.2725131955454,-6.25435276651493,0.000372809742761277,0.000167813384979452
0.215268069,23.43238671,49.16819451,0.704279902,73.79166727,43.64923911,7.751752608,28.3950617284,2012,49,212058,23008,-40.5210640371399,-5.23360995915334,0.000231068858519839,0.00019681856123771
0.111777355,20.12698579,59.26189055,0.693188181,65.9015863,23.46854018,6.988637678,32.2580645161,2012,32,108129,23009,-38.3317331111068,-5.86487306410678,0.000295942809052151,0.00024819256496406
0.041450777,24.87156702,64.20725389,0.768220416,72.76551936,18.68407272,9.817727708,36.5517241379,2012,46,103290,23010,-40.1178219757808,-4.39493024792652,0.000445348049181915,0.000355681135688293
0.020070364,25.81571691,53.25730207,0.670105473,71.46512509,23.7793032,8.452679019,56.8181818182,2012,29,86483,23011,-38.4856642784529,-4.15248493152039,0.000335326017830094,0.000286943971717851
0.040097839,26.60621087,58.91174466,0.673316142,71.72022684,29.85445725,9.341600083,55.0561797753,2012,23,126657,23012,-40.4961932865644,-3.58525008681631,0.000181592805766756,0.000286374477471113
0.207014972,25.05531096,51.61198868,0.676867005,69.87043935,25.98695981,6.202019606,26.6055045872,2012,39,189249,23013,-38.6978751134495,-5.71496858967134,0.000206077707147726,0.000215858572865885
0.036802944,28.85790347,43.4562765,0.610001953,69.90638899,33.00320747,8.312176775,22.641509434,2012,22,63278,23014,-39.3145803085494,-3.90009398719622,0.000347672176743892,0.000191372237596058
0.055167889,23.88014981,66.38635415,0.658394969,65.38012746,31.71433805,7.538503107,52.5252525253,2012,31,137114,23015,-40.6000143200826,-3.09906193228233,0.000226089239610835,0.000243090750298012
0.276714118,8.576931261,97.46024603,0.624038729,43.75881152,1.689780198,7.935119378,52.2162755592,2012,1932,3426405,23016,-37.6724441910355,-4.66746564539431,0.000563856286691153,0.00048650610425884
0.052980132,17.03343109,86.92501602,0.649673114,56.385375,10.69957611,9.316568725,49.2957746479,2012,46,122939,23017,-38.8882668837049,-6.75264702430574,0.000374169303475707,0.000352732688802147
1.25127745,29.44544533,58.36885266,0.599788759,68.28964471,27.54182572,8.045977011,33.6787564767,2012,68,241824,23018,-39.597082441293,-3.33224077194657,0.000281196241894932,0.000230923701181496
0.107451337,26.77793526,57.6412553,0.635094288,68.19671017,25.64328277,7.161959833,48.3516483516,2012,60,270921,23019,-38.9969505953544,-6.36645231732854,0.000221466774447164,0.000232418488899367
0.047463457,30.85244605,49.09922614,0.638653518,72.13744671,31.40013561,7.06496311,36.5079365079,2012,19,146511,23020,-41.0318002869086,-3.91407769443154,0.000129683095467235,0.000208213928713942
0.019768115,31.126818,50.9870266,0.632529874,68.88143816,32.2985887,5.909560032,46.7153284672,2012,52,218958,23021,-38.6789273691066,-3.89861435382283,0.000237488468108039,0.000187790193312487
0.07476022,22.59839853,58.0841326,0.644765911,64.15459203,15.40859497,9.6923844,40.6779661017,2012,18,111770,23022,-40.7117369366018,-3.50492764067503,0.000161045003131431,0.000267043856560072
0.033495601,23.97769595,58.75256002,0.596627652,60.62329201,15.50165971,7.710094269,48.5549132948,2012,54,317524,23023,-38.5218703119768,-4.44101513796298,0.000170065884783512,0.000222059635321742
0.028721418,26.488191,62.14836208,0.585584767,66.82230994,21.21563432,6.343128278,19.0476190476,2012,3,62808,23024,-40.1215645288565,-7.06494771452448,4.77646159724876e-05,0.000168981294631446
0.049475792,28.90296702,50.44881611,0.632665932,68.15057979,26.59289068,6.576250753,14.2857142857,2012,3,42749,23025,-38.1812827963083,-4.33679095871838,7.01770801656179e-05,0.000168342317127549
0.04262632,28.00545472,63.35662076,0.647015846,61.87275018,15.88929303,5.970216353,38.5135135135,2012,49,224865,23026,-39.4005849903719,-6.96914498595325,0.000217908522891513,0.000198278102998883
0.010341048,30.76344281,55.81994168,0.625061511,69.03606965,28.5991737,5.983245689,34.8837209302,2012,15,97444,23027,-39.4255578499171,-7.31133564374533,0.000153934567546488,0.000184858196899018
0.012352215,28.47141742,57.32662785,0.658471459,68.51432213,31.98054984,7.353830922,8.8235294118,2012,7,56787,23028,-39.3915587020206,-4.37498071227458,0.000123267649285928,0.000161900484693546
0.052430137,32.93683959,58.45226236,0.662246802,72.96526916,32.78240055,5.514297909,47.8260869565,2012,5,96261,23029,-38.9597265853821,-7.49337249666326,5.19421157062569e-05,0.000185399971421943
0.200404325,30.22907143,51.38261405,0.668869269,70.93895226,23.14149444,6.838398814,29.6296296296,2012,8,56914,23030,-38.84547381486,-4.4162602798787,0.000140562954633306,0.000230764599784189
0.057573074,27.52907416,53.44331267,0.675352675,73.38698934,32.83395755,7.140592301,30.6666666667,2012,25,91048,23031,-38.8208578493416,-7.1881979774416,0.000274580441086021,0.000211108359526152
0.119257347,18.36977387,80.16377759,0.680917583,59.95213635,11.48282839,8.664887507,40.7942238267,2012,148,544222,23032,-38.1822959540083,-5.0839287543043,0.00027194784481333,0.000337425767755089
0.041044739,25.38701793,57.11325345,0.699813042,67.14340275,24.76662992,8.376526971,61.6438356164,2012,19,101356,23033,-39.0799269441698,-3.53981853327918,0.000187458068589921,0.000296597328537979
0.064626863,15.73040834,85.77036723,0.65598836,43.67489266,5.067535205,10.55436745,15.5172413793,2012,114,341395,24001,-36.901058475795,-5.5824640806438,0.000333924046925116,0.000306527560708175
0.02346543,24.48114901,57.85746822,0.636859409,62.50536548,24.23188682,10.27366219,7.4074074074,2012,9,72774,24002,-37.8026244791631,-6.10708213933655,0.000123670541676973,0.000178887936103714
0.040982557,29.01997438,62.65720653,0.670540518,65.8157888,26.34208375,7.664609053,17.8571428571,2012,10,39342,24003,-38.3974023590042,-6.2467119527736,0.000254181282090387,0.000202563502941262
0.064041442,25.06626495,66.73047092,0.642203242,58.87873161,7.144830357,11.24657171,3.8961038961,2012,33,142922,24004,-36.6061805724985,-6.00162926097318,0.00023089517359119,0.000203163999795364
0.012747988,28.68508481,56.71739304,0.620915624,68.23749222,12.38425926,8.926692389,10,2012,5,63390,24005,-36.6556915844409,-6.50210383209877,7.88767944470737e-05,0.00017055492240481
0.034130589,25.70229403,71.10101779,0.625826566,59.99648614,13.59516616,9.37910985,19.5652173913,2012,11,115390,24006,-37.167715938491,-6.4892545387569,9.53288846520496e-05,0.000216111639234847
0.029237966,26.82877365,69.80487505,0.575327021,63.31120716,15.86459192,8.655510675,4.5454545455,2012,8,65130,24007,-38.0898771865516,-6.14685129289319,0.000122831260555811,0.000159144518030447
0.079987811,21.59032291,65.78616592,0.628514971,53.23003348,4.470254575,11.94357068,27.9069767442,2012,16,53735,24008,-35.2424119193583,-5.7953940230794,0.00029775751372476,0.00030113396036476
0.029237486,27.62823369,67.08638703,0.623842166,64.06988372,19.96207066,10.30720643,10,2012,11,51364,24009,-37.3108306447584,-5.12560626082094,0.000214157775874153,0.000195638987721988
0.01950395,26.56352004,51.36852713,0.59727273,66.04240225,19.09776167,7.452332657,0,2012,4,61658,24010,-37.293380665004,-5.81131913487865,6.48739822894028e-05,0.000126220153823223
0.026617527,18.66814095,85.71253071,0.584796327,46.02675627,8.7655908,6.054386865,15.0943396226,2012,14,98910,24011,-36.314197482262,-5.17847187230509,0.000141542816702052,0.000180997087667443
0.037869862,18.22185971,83.45676103,0.545655673,52.68294333,10.18092523,6.277834206,21.0526315789,2012,16,119481,24012,-35.352262411465,-5.83303408392754,0.0001339125049171,0.000183705888770271
0.519583697,28.62292718,62.33733217,0.68032857,67.58950642,13.28624079,10.9181806,40.625,2012,10,63818,24013,-35.6194626655419,-5.3380302302205,0.000156695603121376,0.00027433696333521
0.038052034,27.9992264,67.038731,0.624670913,65.57860172,21.1374332,8.389254773,21.4285714286,2012,14,135468,24014,-37.6741243841894,-5.59539392377467,0.000103345439513391,0.000219006955573219
0.038295002,31.03934786,56.34065145,0.6385607,67.18025783,15.83464319,9.02495752,15.503875969,2012,50,233443,24015,-35.9933009727756,-6.1799424451246,0.000214185047313477,0.000176360930112235
0.071394574,28.68828513,33.23536411,0.698009449,71.34344788,16.5332959,8.47698826,7.1428571429,2012,17,85381,24016,-35.9142645161359,-5.46461520905619,0.000199107529778288,0.000166352050144543
0.075129139,20.21660477,62.26232187,0.663263979,58.01891062,8.14100356,11.4814361,20.2127659574,2012,105,296063,24017,-36.3310072079142,-5.59609577705802,0.000354654245886855,0.000262272876349716
0.109433391,8.445649364,99.14626432,0.57091153,33.7328583,0.365139739,9.897567247,53.9239287434,2012,422,1057113,24018,-35.5847905142979,-6.08739130399448,0.000399200463904994,0.000435409720472561
0.141001108,27.11754916,66.2805922,0.70295744,64.77134858,5.417593829,12.44256691,13.4831460674,2012,32,131421,24019,-35.7409522754416,-7.60857638669578,0.000243492288142686,0.000296292253189809
0.024987937,30.34877191,70.14027711,0.687330559,62.72608647,20.77725645,6.357340423,25.8064516129,2012,19,117388,25001,-37.9383224166277,-6.77401027262328,0.000161856407809998,0.000211971089817794
0.02738568,24.84173968,61.10876282,0.639983297,59.17744983,27.76002987,6.521577988,22.5806451613,2012,28,169640,25002,-37.7373885231522,-7.50497818282366,0.000165055411459561,0.000170625872625677
0.086334891,27.50355357,66.77041518,0.666001881,60.91489538,22.05236812,8.026952019,47.1698113208,2012,42,183044,25003,-36.4253916361566,-6.73207518663993,0.000229453027687332,0.000227848805474657
0.079726562,20.58209427,85.62001216,0.614327301,53.66918582,9.570756023,8.097896892,32.2222222222,2012,30,128111,25004,-36.9445520929732,-6.92083762860152,0.000234171929030294,0.000274840697475214
0.014145072,32.78525543,64.17053299,0.667127732,65.17522436,27.98341576,7.636583157,17.2413793103,2012,14,70514,25005,-35.2233560699365,-7.15178251806928,0.00019854213347704,0.000165251604923261
0.022609896,29.79775136,61.91422519,0.656020906,65.20944566,29.88576181,9.364495465,21.2121212121,2012,14,84180,25006,-37.8848479925612,-7.19137715599967,0.000166310287479211,0.000205797618437057
0.019846749,28.98594805,52.95371393,0.62332841,68.1209563,35.62672869,5.454842779,8.5714285714,2012,21,117002,25007,-37.3150740697441,-7.0139886528698,0.000179484111382711,0.000109510431794786
0.056219973,22.64388123,75.1149954,0.564402456,60.31770433,20.0418082,6.393484674,20,2012,3,39491,25008,-35.1382749870761,-6.72833340841744,7.59666759514826e-05,0.000163763690372445
0.069015914,25.93090319,58.05997618,0.581109754,67.85220151,33.06840761,5.441529014,14.2857142857,2012,4,74939,25009,-34.948007233379,-7.1028738642087,5.33767464204219e-05,0.000113895533299109
0.07570085,25.78272931,62.58156355,0.524944906,64.39992406,31.31254609,5.924202002,10.4166666667,2012,21,122849,25010,-38.349537635938,-7.47086661489451,0.00017094156240588,0.000119872786492553
0.031395203,24.13742228,46.28123823,0.583730858,62.89809919,37.68007683,4.647197533,18.5185185185,2012,13,64197,25011,-35.5064806721142,-7.2870205751085,0.000202501674533078,9.63593251058588e-05
0.017538731,30.35594206,65.16807951,0.577113241,66.63847249,27.5307474,5.607437497,51.2195121951,2012,14,121484,25012,-35.4346602187739,-6.82005988820397,0.0001152415132857,0.000165784977868009
0.041745609,35.79022391,56.00869165,0.619755001,70.27685897,29.77040324,6.361093567,16.6666666667,2012,10,93586,25013,-35.8943601379673,-7.03114809276945,0.000106853589212062,0.000139633556288385
0.011194865,26.03880931,63.52339727,0.600094467,63.19889151,27.89089512,7.346403015,5,2012,10,54414,25014,-35.7062354523231,-6.62502225131664,0.000183776234057412,0.00012636808866093
0.09013804,33.03227032,53.05610878,0.658043775,68.54292379,33.76168224,7.048867916,16.6666666667,2012,21,115923,25015,-36.1105648065425,-6.84853034830297,0.000181154732020393,0.000143345032164154
0.061883065,29.3500225,72.05858264,0.627595858,62.72690724,16.30245763,8.114135678,52.7777777778,2012,39,165776,25016,-37.5939511206843,-6.35058570837451,0.00023525721455458,0.000248480704291168
0.125728859,14.5105641,83.75233006,0.583995967,48.96268382,7.558634516,9.777264289,70.8971553611,2012,130,508606,25017,-36.3142572035938,-7.54076845325935,0.000255600602430958,0.00033795345511094
0.04974162,34.15076181,60.47475613,0.642459197,66.76885007,27.18645564,8.309239777,17.2413793103,2012,26,108846,25018,-36.8760548854765,-7.71310522889699,0.0002388695955754,0.000175301785157245
0.070396443,35.73804574,36.91552427,0.667214977,71.70063481,58.43276579,4.327115925,11.5384615385,2012,14,53880,25019,-35.9638034663674,-7.28423425385584,0.000259836674090572,8.31278513993571e-05
10.10540546,31.05880737,61.58439126,0.673578622,67.47336689,23.04751778,10.74664768,22.7272727273,2012,36,144065,25020,-38.5061901530106,-6.85751780990448,0.000249887203692778,0.000305955962127165
0.058005951,33.21023694,66.15315078,0.690285083,68.24334532,24.56102553,9.855887975,20.8333333333,2012,31,133864,25021,-35.6504532913965,-6.92882154590404,0.000231578318293193,0.000221193912787754
0.297308661,10.79840166,97.22167183,0.572484661,41.05716006,1.275234513,10.13180688,61.7452135493,2012,543,1059424,25022,-35.3392339746287,-8.12378155919631,0.000512542664693267,0.000454903436183402
0.093418259,27.29794934,67.26478617,0.703443621,69.29954928,17.73864443,10.43683891,33.3333333333,2012,21,83948,25023,-36.3043365625444,-8.2808376243162,0.000250154857769095,0.00028194908578118
0.046807653,27.65104882,53.65392242,0.720835692,70.38050658,36.17015977,7.054285412,39.1891891892,2012,50,312105,26001,-37.1200472870896,-8.80031417663918,0.000160202495954887,0.000194603650191717
1.834856723,22.46939889,57.23543316,0.682220604,66.12431456,26.12229378,9.186518204,34.6153846154,2012,30,163689,26002,-35.0865211258306,-8.36022384097761,0.000183274380074409,0.000239005669347728
0.104258383,23.96568037,63.48509073,0.562517948,63.0399296,28.55848171,7.281176787,37.1134020619,2012,67,317197,26003,-37.6045722707899,-8.4106420012461,0.000211225200742756,0.00018780920563851
1.884209338,26.62637283,62.72417622,0.635669192,62.93738054,23.91845786,8.43535551,40.1098901099,2012,49,216693,26004,-39.249368937129,-8.03307200328112,0.000226126363103561,0.000233589837661879
1.115563153,15.83658714,64.37089941,0.680332521,56.74162903,11.0154819,9.400284857,39.3643031785,2012,110,458314,26005,-35.022090326293,-8.04725455576245,0.000240010124063415,0.000249994271630322
11.78806664,21.26528157,57.47623163,0.686889217,65.75369119,28.4875873,8.950415028,27.0588235294,2012,33,136878,26006,-40.2463595660168,-8.70915399700335,0.000241090606233288,0.000270373499890303
2.801957593,37.84534461,47.95213785,0.702231964,73.46859019,40.38979626,6.443036985,32.7868852459,2012,25,183103,26007,-37.8441992216063,-7.82643056058311,0.000136535174191575,0.000169631130290087
1.195652046,23.28458835,78.02788407,0.614462962,54.65282445,12.75309232,7.114012457,58.7933247754,2012,233,868208,26008,-35.5601790046809,-7.88165304320127,0.000268368870132503,0.000227770869318838
0.047492228,22.70979934,74.83240723,0.631521966,50.01760512,16.45789193,3.865374653,20.7446808511,2012,48,282980,26009,-35.1895416926056,-7.64800749290375,0.000169623294932504,0.000123179132241477
0.018959143,29.2393443,56.88611875,0.637740007,63.89877626,27.44205693,8.094513978,16.8888888889,2012,78,255346,26010,-35.4794657284192,-8.63864632573553,0.000305467874961817,0.000160166976996365
0.094545109,29.16961533,62.93198407,0.613337729,65.51980057,25.08175777,6.999955042,29.003021148,2012,92,446537,26011,-38.4660040035275,-8.66918933691977,0.00020602995944345,0.000191467028217911
0.0291141,33.94887452,68.68016082,0.629064918,67.23527175,19.72211023,6.557728166,17.2413793103,2012,29,217310,26012,-34.9607492078936,-7.79639965533943,0.00013344991026644,0.000158697142573369
0.069992982,22.84364152,77.70228905,0.642665264,62.93010159,9.735081616,13.30590616,24.0631163708,2012,193,540723,26013,-36.5334181347247,-8.98785861047785,0.00035692951844105,0.000332197188558389
0.05844698,24.61932245,77.99007329,0.641117833,61.76385654,15.5548643,11.37638705,62.7705627706,2012,84,218234,26014,-35.9173728013027,-8.5195397853554,0.000384907942850335,0.000315023232670203
0.067585689,26.27266018,70.66369862,0.728949219,68.49414808,19.08712269,14.97065988,27.9816513761,2012,203,567139,26015,-40.1579519749682,-7.8105704584807,0.000357936943147976,0.000377467280879161
0.071157209,15.99252913,87.14466622,0.658123893,58.6725515,7.945477289,16.57513579,62.0448179272,2012,201,170735,26016,-36.0145190781485,-7.87494181189336,0.00117726300992767,0.0005547489533352
0.23973207,8.110045933,98.71456603,0.57497815,41.30074785,1.351881591,13.21311254,55.900158331,2012,2693,3300035,26017,-36.9311300883257,-9.94826330025111,0.000816051950964156,0.000551440648914248
0.134381281,15.23572769,85.63588319,0.676663398,52.92987948,6.518337797,16.09419955,60.9336609337,2012,140,273084,26018,-36.1144072918965,-9.15897413422966,0.000512662770429611,0.00054324380828517
4.477745371,36.83306988,28.83994323,0.697599461,74.10976732,47.65976397,3.330930969,35.2941176471,2012,10,89571,27001,-37.754237916822,-9.16255468862805,0.000111643277400051,0.000115541826721105
0.256178421,26.51227352,65.38828612,0.68603187,62.17816521,8.828418103,10.06564551,44.6808510638,2012,25,81088,27002,-36.2278440707252,-9.90670853696473,0.000308307024467245,0.000286703179513353
0.097530778,32.538001,47.08283692,0.721932821,73.46756782,34.05558498,6.202605483,25.9259259259,2012,31,172228,27003,-37.3921045769789,-9.4390871314836,0.000179993961492905,0.000174551454213633
0.082322357,33.60430627,52.10680243,0.687972355,73.15458964,23.74968898,7.889380016,29.2682926829,2012,15,92444,27004,-36.5344196627068,-10.2182714812314,0.000162260395482671,0.000219078617250597
0.990709599,31.49430916,55.09544502,0.618977732,65.61024988,29.18678501,7.160605376,21.3114754098,2012,44,175361,27005,-36.6168115079266,-9.43599007999331,0.000250910977925536,0.000161282322969733
0.313049236,29.51400561,59.02755125,0.699707273,64.44571283,22.34704222,7.270906722,76.0115606936,2012,98,416709,27006,-35.7859441698764,-9.19724183695572,0.000235176106107619,0.000253369472764233
0.230088022,41.13665492,33.210263,0.788836712,73.46087612,49.19644745,4.029888339,20,2012,3,38080,27007,-35.8124739318982,-9.56543945048992,7.8781512605042e-05,0.000104894992221606
0.120758939,33.37548793,69.91260328,0.698581598,67.78943094,18.90813648,11.44802522,20.9302325581,2012,30,147188,27008,-35.3743516782047,-9.10786143671045,0.000203820963665516,0.0002499007942616
0.588793355,33.22480597,71.44435156,0.791609186,72.69854666,21.233662,12.55816988,31.1740890688,2012,87,304291,27009,-37.130621101295,-9.63485676789308,0.000285910526436865,0.000366971581530306
0.065811122,30.29784016,54.17451913,0.761775338,71.99511437,25.45486151,8.613538081,10,2012,8,68000,27010,-36.6664489160079,-9.78342026052848,0.000117647058823529,0.000193664451472665
0.234508829,13.55750732,97.92545162,0.609740851,45.77610852,1.166851568,12.30226522,46.5707027942,2012,577,1165310,27011,-37.8947870413307,-9.44639809592951,0.000495147214046048,0.000551993421513305
0.13853922,26.97326356,69.7850884,0.736373095,67.82686206,6.497390323,15.51282457,36.398467433,2012,96,289704,27012,-37.9814579143629,-10.9095587644077,0.000331372711457211,0.00047307348877097
1.511818357,28.86253663,56.45674096,0.699991639,66.89958655,11.61211544,11.53528304,25.6756756757,2012,30,125498,27013,-37.5511083535122,-9.96091308608339,0.000239047634225247,0.00027028098325113
0.306693473,30.97691501,47.43824512,0.659515545,71.68027809,14.22961368,7.698549549,12.6984126984,2012,29,159376,28001,-36.7636327607092,-10.2860869460442,0.000181959642606164,0.00016864241333571
0.035031894,31.18449987,57.3340729,0.58493458,60.43060937,15.06969919,6.080837833,15.7894736842,2012,9,69595,28002,-37.1676824681833,-10.37633922519,0.000129319635031252,0.00012899867620963
0.173161549,28.26588706,57.81053902,0.616412892,66.76332813,9.53360026,8.53063217,4.7619047619,2012,10,63706,28003,-36.7879660326908,-10.5128638581338,0.000156971085925972,0.000156442775515552
0.077984628,24.43019518,64.05095828,0.593507749,57.79677185,9.158519261,5.150519611,37.0786516854,2012,26,162733,28004,-37.4070528486934,-11.2325675431693,0.000159770913090768,0.000170929748467022
0.206944125,28.08873034,59.7525868,0.586674484,63.72755681,20.79078047,8.078193717,41.7721518987,2012,23,110051,28005,-37.0880359417036,-10.5315101888943,0.000208994011867225,0.000197649308469131
0.161054557,25.96187383,47.03755897,0.603974542,62.57157913,18.30796092,6.110129272,34.9056603774,2012,21,116016,28006,-37.6113312155878,-10.4441490898208,0.000181009515928837,0.000165245554431902
0.183226543,23.15238315,67.67203546,0.700176602,64.77086066,6.977665135,10.7472298,22.3529411765,2012,26,91672,28007,-37.6993188866009,-11.2716880207125,0.000283619862117113,0.000304102798669172
0.17292912,24.13729809,57.9824936,0.646447908,65.93460959,13.56050609,14.135275,20,2012,10,47831,28008,-37.0750906311298,-10.7487645966116,0.000209069431958353,0.000263082164801909
0.060327965,25.39496324,40.56232976,0.664519323,68.05001478,22.69125774,9.789163667,0,2012,6,55580,28009,-37.1548040434752,-10.9399998735655,0.000107952500899604,0.000147742078808117
0.257631353,16.23310864,76.32133656,0.689030706,60.09537167,6.206268372,20.43825637,8.6956521739,2012,22,91631,28010,-37.7130281386751,-10.9494479977617,0.000240093418166341,0.000454224724089915
0.390875504,8.104426859,97.45242972,0.571849454,38.58478534,1.143664973,11.70659745,69.476744186,2012,272,859965,28011,-37.4407938908496,-10.710511626333,0.000316291942113923,0.000534529338876233
0.106227507,27.74332828,51.58536507,0.637489756,70.23295165,26.16851024,7.165452008,15.2777777778,2012,28,156003,28012,-40.6449453538498,-14.6688750531455,0.000179483727877028,0.000134019584643285
0.104345294,22.0605462,60.77021387,0.653971517,62.9430205,16.55603627,13.32892045,47.2527472527,2012,29,126708,28013,-39.1887449562108,-13.7200542042398,0.000228872683650598,0.000261547741524775
0.13246283,14.68972236,75.52653101,0.64749546,46.54400096,12.76855499,8.703667842,61.8834080717,2012,70,298118,29001,-39.3234735000739,-11.5225491896431,0.000234806351847255,0.000227366095088774
0.107120463,24.98404172,41.62457326,0.600913184,68.58117266,30.75558137,8.192204461,50,2012,20,115428,29002,-40.4545281755525,-10.3530911623261,0.000173268184495963,0.00017231441675299
0.141886928,24.50376822,49.05474143,0.588487737,64.14459242,23.08093785,9.417501013,36.9565217391,2012,33,178323,29003,-41.459307360329,-12.9329858415231,0.000185057451927121,0.000156277567253102
0.358490774,20.19096161,65.21451128,0.694284154,62.46082976,23.50077595,9.482400315,53.4435261708,2012,99,461441,29004,-39.0628533538436,-12.8322147397268,0.000214545304816867,0.000245774773806381
2.428822748,20.11342589,70.18454026,0.622474537,54.99136359,16.03522907,9.879422052,58.2524271845,2012,34,169823,29005,-45.0922095973359,-13.8291734191081,0.000200208452329779,0.000162554738221336
0.415972408,23.32669119,53.48915792,0.698381049,71.6478389,25.52897248,8.906278546,39.8648648649,2012,52,173417,29006,-38.4386636497384,-12.7677414247814,0.000299855262171529,0.000243934272806562
0.214324091,22.43841336,48.45476419,0.666802587,68.96618539,24.8123046,10.15403068,62.3456790123,2012,51,172975,29007,-38.3269854486995,-10.8881029174443,0.000294840294840295,0.000268186344854499
0.137735764,21.73155338,51.78167312,0.637171597,66.87760095,22.57874956,9.425979275,30.0395256917,2012,79,289262,29008,-39.7449167754575,-17.0918653403092,0.000273108807931909,0.000216854379205071
0.102866878,19.00123986,58.66037321,0.614297599,67.73378151,11.09231536,8.012958681,23.8095238095,2012,78,376724,29009,-38.8480754958704,-9.23333325849749,0.000207048130727004,0.000213441638372026
0.203779404,22.20832649,60.85354809,0.585251229,66.1211883,15.3986351,8.985952897,22.8571428571,2012,73,328233,29010,-42.0486695872137,-13.6016575561782,0.000222402988121243,0.000142576602889294
0.183269904,23.49935288,64.24392141,0.611156266,66.32021069,20.63534474,11.13145332,27.2,2012,42,249549,29011,-41.6335688413756,-9.69585700149316,0.000168303619729993,0.000205725992618655
0.17787196,14.96593413,72.65509001,0.603780792,52.25515601,14.28933109,10.26311985,27.251995439,2012,269,1003586,29012,-38.3404369940535,-10.0035491196607,0.000268038812817237,0.000224192859711215
0.126769491,35.82032086,38.2813679,0.662117778,71.56182125,38.53065919,4.540887124,18.75,2012,19,98486,29013,-40.2022604098014,-13.4707399225345,0.000192920821233475,8.99955154995066e-05
0.554027768,29.31904955,37.38983165,0.653833528,71.98895865,33.50432908,7.947729576,43.1137724551,2012,48,299146,29014,-40.7668522509562,-11.2525007377991,0.00016045676692986,0.000162523237911336
0.864436904,30.50488512,44.34383584,0.618003262,68.48021379,20.9847756,7.440040353,29.3193717277,2012,66,311896,29015,-40.3587990011216,-15.4854768472279,0.000211608997871085,0.000161141719429516
0.182906992,22.27163367,51.35252371,0.60627317,63.80255233,21.0128217,7.750406136,39.6428571429,2012,90,419176,29016,-40.4547900694398,-12.3715448216559,0.000214706948871119,0.000163796193559039
0.231510003,18.34249423,67.48873253,0.603773755,57.97617226,12.84199842,9.892538061,35.5828220859,2012,55,312520,29017,-41.9860796652106,-11.5449456493779,0.00017598873672085,0.000176905438670686
0.248433226,21.45055111,56.99162079,0.683794944,67.33007003,18.87500809,13.20918655,24.0740740741,2012,18,117308,29018,-39.4298995807199,-14.9640786966788,0.000153442220479422,0.00025326333604065
0.15042203,12.2574917,79.14462206,0.624692185,52.10581389,8.536605131,17.03125516,25,2012,69,215315,29019,-42.8980562869939,-14.2447302083393,0.000320460720339967,0.0002701028066773
0.160042085,16.96754181,65.8347195,0.602914451,59.26627867,22.22136867,11.27976779,25.2927400468,2012,172,545271,29020,-39.3574818057018,-12.2583379925078,0.000315439478717922,0.000208282440459033
0.279161538,4.735356374,98.73548931,0.582988745,36.72725259,0.503204285,13.35778135,57.4033284386,2012,2115,3524564,29021,-39.2350922964374,-10.4832271503515,0.000600074221946317,0.000533419099056594
0.065635706,24.80274541,34.32267153,0.576134143,66.26342215,25.78514678,8.596182292,30.5882352941,2012,28,188675,29022,-37.8458392121317,-11.9060364765152,0.000148403339075129,0.00018466931013074
0.141625228,20.58241169,51.72074652,0.602818027,65.57925372,18.51793693,8.033017732,37.3831775701,2012,32,254396,29023,-44.2443412922429,-11.6442484518113,0.000125788141322977,0.000139219107252112
0.155909072,23.15019308,68.74860795,0.595755656,62.65137637,19.75101893,9.555140523,34.4410876133,2012,87,509608,29024,-38.3198747525669,-12.4128831846789,0.000170719454953611,0.000219442330838285
0.050088933,22.97557286,40.97376975,0.562198563,61.38578316,26.39017609,6.92125272,31.25,2012,13,98888,29025,-41.6280659020589,-14.5021572410995,0.000131461855836906,0.000121932475120147
0.118477351,22.20512511,53.06385121,0.575450835,61.29754338,26.49885858,6.986426945,25.4901960784,2012,28,374180,29026,-42.5537368422349,-12.6437037740837,7.48302955796675e-05,0.00011376815578735
0.059329576,25.15779882,44.45777006,0.539531443,62.7391066,40.41022828,7.647685688,26.6666666667,2012,26,233819,29027,-43.5393981377276,-13.3780559348946,0.000111197122560613,8.26128569461588e-05
0.124759296,21.16188386,70.96729934,0.581606758,56.95207956,20.70874546,9.319620941,57.1782178218,2012,99,629222,29028,-45.5049426573246,-11.95449092367,0.000157337156043495,0.000156623571370721
0.193057998,22.48478388,78.99811996,0.620018461,56.10391192,12.31062292,8.576942074,28.5,2012,64,199898,29029,-43.139000163,-11.1680666535162,0.00032016328327447,0.000169089055143386
0.175541919,22.79050736,53.31192887,0.690694226,64.99632471,28.30031451,7.959258097,31.906614786,2012,81,267081,29030,-38.3136840652206,-11.7708908301311,0.000303278780594651,0.000204662038088902
0.957534571,19.68944761,78.71281017,0.645108923,56.96199036,13.68903154,12.45654572,40.503875969,2012,505,1016864,29031,-43.0460326608325,-20.7705576206492,0.000496624917393083,0.0003172959652606
2.038842554,18.36279828,78.77782098,0.625485829,52.6075687,11.33515417,10.510344,50.144092219,2012,275,742149,29032,-45.529046356164,-21.3264831352797,0.000370545537351664,0.00026887575647191
0.098790323,11.91078658,74.07997312,0.523589317,42.92694878,18.98112796,6.368764033,70.4545454545,2012,22,150490,31001,-46.4662882994071,-15.9168486375895,0.000146189115555851,0.000119807266631421
0.076739976,9.202084141,81.05349741,0.537812701,36.11323217,12.53618551,6.812430027,61.9047619048,2012,23,220756,31002,-48.6335374305597,-18.9275961625333,0.000104187428654261,0.00014484194402295
3.198561067,19.34528783,56.31722195,0.65643091,63.97656619,25.95674117,9.177203352,54.7872340426,2012,63,276671,31003,-48.1431359855853,-19.7016426709666,0.000227707276873977,0.000198889380616142
0.111925071,20.02577752,63.31282047,0.589114501,59.16419728,16.51576915,8.076055715,22.2222222222,2012,34,248900,31004,-43.0245094910088,-21.1407561541434,0.000136601044596223,0.000183493900354315
0.02656912,23.51590643,57.1871842,0.563268498,60.26137072,24.99530067,6.63027189,27.4509803922,2012,23,212436,31005,-45.2130659077857,-18.7754437810024,0.000108267901862208,0.000119463306790504
0.117038501,11.95506732,84.28712637,0.595307081,52.22668604,12.85823462,9.834487306,37.5,2012,20,166434,31006,-41.5119431036278,-17.7646960934536,0.000120167754184842,0.000242809440267773
0.119627758,11.76315539,79.49463918,0.584927173,49.15455057,11.57833321,9.293235704,60.8606557377,2012,108,611361,31007,-44.1065575027713,-19.2773112850189,0.000176655036876739,0.000218385996492395
0.030467084,20.29908798,44.12102463,0.619684668,63.90673161,40.83265158,8.480984088,27.2727272727,2012,6,42972,31008,-46.732886911336,-21.1586480903669,0.000139625802848366,0.000132254450002248
0.023315458,14.21174896,73.49906738,0.56866379,53.54361827,18.01923655,9.458055844,55.5555555556,2012,8,69456,31009,-44.9900513057895,-22.0955335918448,0.000115180833909237,0.000238325757303763
0.132999625,11.12267944,76.43730277,0.54144544,49.84121963,12.9981923,7.550255896,39.3939393939,2012,9,82843,31010,-44.2972484645906,-21.1516968827455,0.000108639233248434,0.000195417997984458
0.045568005,20.41905459,54.19757274,0.592330061,57.6519084,33.03764443,5.708186785,30.1886792453,2012,20,199054,31011,-45.671136787462,-22.1042066078462,0.000100475247922674,0.000136102291734155
0.189875845,22.97796902,49.09025815,0.606747768,63.27626289,36.30680738,8.704345723,53.3333333333,2012,49,157112,31012,-42.1521291445511,-15.7057037519014,0.000311879423595906,0.000132358008451231
0.049324495,22.06694726,72.04383865,0.551484616,62.8003965,21.53055637,8.802827724,49.2753623188,2012,20,82805,31013,-46.1002007884538,-22.4718414893132,0.000241531308495864,0.00023202939324151
0.086275034,26.04303876,71.37338721,0.559145383,61.74818085,23.95306072,9.322679334,42.8571428571,2012,41,180728,31014,-42.7166158100471,-20.2538861523143,0.000226860254083485,0.000217017718485499
0.169884981,19.7119122,63.65811491,0.583226738,53.20241212,25.35716141,8.014026989,29.7435897436,2012,69,267523,31015,-46.4141755091972,-21.9977986931128,0.000257921748784217,0.000171445067792868
1.224297334,21.81803817,76.77455752,0.550438623,54.42160753,15.86054234,9.286540989,39.3939393939,2012,32,118607,31016,-46.1909879804085,-20.1395899536927,0.00026979857849874,0.000180767061789823
0.088595586,9.907511211,91.39367135,0.483830121,23.65688836,7.202778185,6.141248721,56.1403508772,2012,10,144903,31017,-45.1243676327732,-17.1196818094719,6.90116836780467e-05,0.000125760536445744
0.130326915,4.773664961,94.73047687,0.48934114,18.27294228,3.106047511,5.130592588,52.3545706371,2012,91,838094,31018,-41.4424453991014,-16.1736387443847,0.000108579705856384,0.000165107607752659
0.069802731,7.583939125,84.04855842,0.49069688,29.6106385,11.32096276,4.594631342,77.5,2012,13,199817,31019,-42.4507931321098,-18.2428118984826,6.50595294694646e-05,0.000139697785509332
0.048175453,7.161477841,87.16321607,0.460041028,24.00096924,10.05029358,4.67593401,57.3529411765,2012,25,256387,31020,-47.2034298359724,-18.7233687298406,9.75088440521555e-05,0.000100201097773185
0.069633228,8.441296549,83.86793083,0.491390792,23.46594398,11.44839403,4.998625543,64.1791044776,2012,25,183338,31021,-46.2304135443482,-18.897357597447,0.000136360165377609,0.000104945976527309
0.134094745,4.991953723,96.02686519,0.485169266,18.18924426,2.541980106,5.322246668,59.5744680851,2012,79,354385,31022,-46.686384348285,-20.6006620471227,0.000222921399043413,0.000185102809477943
0.119855977,6.106564807,89.16746571,0.492026253,21.92681054,7.284675397,4.888066605,57.1428571429,2012,18,209055,31023,-46.3406117652134,-17.6300370271158,8.61017435603071e-05,0.000110320268378079
0.193104018,8.92346521,87.7859127,0.488826853,35.63405062,11.02331606,5.888760867,51.4285714286,2012,10,98083,31024,-44.692263711332,-19.7246864250098,0.000101954467134978,0.000146862888426523
0.039150371,10.24839341,82.59931918,0.536718826,44.69965373,13.29027207,8.747927629,49.3670886076,2012,23,151761,31025,-43.516526290856,-20.3486183842941,0.000151554088336266,0.000208668305799896
0.138037924,7.538479432,91.33388226,0.471421315,24.27263194,5.96343285,5.091406513,59.2592592593,2012,18,167670,31026,-44.7489638292523,-20.7697789642758,0.000107353730542136,0.000165299538026119
0.094700095,5.948445931,88.27546811,0.526882005,32.32713295,7.345781301,7.856399073,24.66367713,2012,52,401042,31027,-40.7590967742405,-17.4534327760983,0.000129662229891134,0.000190204768231351
0.074463684,20.9337769,55.33951894,0.544098217,61.11276194,35.77526389,6.368849102,50,2012,7,84048,31028,-42.2659927550637,-20.8855286354667,8.32857414810584e-05,0.000149540372136133
0.054304217,4.771894668,90.46758362,0.490269934,25.26707527,2.802087515,5.011849247,56.25,2012,14,125834,31029,-44.0633309756829,-16.3299305959346,0.000111257688700987,0.000146621767227485
0.143822123,3.969278497,98.66040504,0.514456221,22.9022122,0.52419374,6.871757287,57.4307304786,2012,1214,4850003,31030,-41.20852040362,-18.6489120596404,0.00025030912352013,0.000303080897634473
0.086753139,7.377844088,85.03758863,0.51119578,35.39036686,8.49232804,9.783396498,46.2427745665,2012,38,383226,31031,-42.0321816176561,-20.2283101334582,9.91581990783506e-05,0.000239281552459633
0.048851183,10.16193914,57.09400596,0.462736715,36.42284405,24.4047619,3.854606342,46.1538461538,2012,9,61919,31032,-44.9061514998072,-21.3669060895321,0.000145351184612155,9.15753781472566e-05
0.194479767,5.50200505,88.27942945,0.5155388,31.15968041,4.562602461,8.26876103,62.6373626374,2012,32,176658,31033,-43.4817030237748,-21.7471178623716,0.00018114096163208,0.000293282598376763
0.057431517,5.094392004,88.62451517,0.502096059,28.50844609,6.817718733,7.812749641,65.4761904762,2012,27,251333,31034,-44.7456525262045,-15.2839856153807,0.000107427198179308,0.00015288546719618
0.264960332,16.23476159,60.97905515,0.521922214,54.43935101,28.98088325,7.542617362,53.3333333333,2012,14,131392,31035,-43.2094848371894,-15.4067631774641,0.000106551388212372,0.00011735947911127
0.018400393,22.55898552,47.93547596,0.557559801,61.73483937,42.03688364,6.124432923,17.3913043478,2012,10,81077,31036,-49.8863621896419,-18.9678141526706,0.000123339541423585,8.5111242433941e-05
0.126775336,11.79704501,86.43672299,0.529392893,41.31245303,9.666557033,9.220878962,83.9055793991,2012,141,418522,31037,-45.4238819845418,-22.429523765051,0.000336899852337512,0.000308004051530822
0.045880268,19.01085099,71.22357929,0.50386757,48.61621708,20.92626863,7.6571033,34.7826086957,2012,10,63414,31038,-44.2692830040526,-20.3719106252543,0.000157693884631154,0.000152034638630403
0.145031806,6.762442806,94.34850536,0.535468042,28.73600702,3.341087708,10.01259826,60.201511335,2012,107,534763,31039,-43.1736794732765,-19.7296969616643,0.000200088637396379,0.000307053702811761
0.060768445,13.76830435,71.23166588,0.512762382,47.36457448,19.36355755,7.171571744,27.1739130435,2012,27,255385,31040,-42.5955327415369,-19.3675980953804,0.000105722732345283,0.000147244881914703
0.358758802,16.43679758,67.29137105,0.4792288,47.30886768,24.973017,5.714905552,54.9450549451,2012,27,149587,31041,-42.8606868199819,-18.7495432187035,0.00018049696831944,0.000124674902826351
0.089413667,7.48795952,81.11044425,0.447673621,25.1539584,10.96665592,3.28078497,13.0434782609,2012,6,82311,31042,-42.9996198540601,-16.6592684392066,7.2894266865911e-05,5.90009536244717e-05
0.073220221,4.615125351,92.47879406,0.494309412,18.82565729,2.582476292,3.923152519,60.4278074866,2012,64,497307,31043,-41.8514131112551,-18.6502436710063,0.00012869314125882,0.000173582124246114
0.096601849,7.132191552,86.37979641,0.462578968,24.72049936,7.137057486,4.126868297,57.4468085106,2012,12,153262,31044,-49.8277933746087,-19.6987195135394,7.82972948284637e-05,0.000122738002805047
0.083212541,9.889838129,86.15987545,0.490871158,32.19959138,7.564300621,4.77908506,60.9756097561,2012,21,112706,31045,-45.4314108132961,-20.4627818977228,0.000186325484002626,0.000148779655083495
0.025400656,8.7807544,80.60898072,0.488086401,36.32374296,9.447779733,3.858029707,50,2012,15,126972,31046,-44.937987983938,-20.1057404877731,0.000118136282014932,0.000116405708501241
0.066692578,7.131510461,86.87216225,0.508002223,23.72700471,4.224566881,4.450468565,54.5454545455,2012,30,228862,31047,-43.5499436265477,-18.0912675208911,0.000131083360278246,0.000139276126713287
0.059072079,8.401724459,80.62736806,0.512355347,27.6003245,8.097648461,3.501042191,55.7894736842,2012,28,267667,31048,-44.3999980810334,-18.4304127699176,0.000104607590775105,9.95220830238687e-05
0.079873622,7.694184813,81.87090648,0.512210479,30.47228879,9.679926517,4.822737859,40.7407407407,2012,34,227873,31049,-43.8787215094417,-20.6691267972551,0.000149205917331145,0.000137808143135976
0.059402349,7.701455897,85.61261506,0.52345192,30.9610936,8.588268733,5.911114451,65.7407407407,2012,75,446235,31050,-43.3612775999866,-18.7796279370562,0.000168072876399207,0.000164799540292968
0.13155779,6.279660769,83.17492801,0.508167747,21.9687568,5.827251256,4.121297395,66.8674698795,2012,45,346837,31051,-42.6095833304274,-21.5558257744614,0.000129743943120255,0.000174132353754452
0.070766639,7.349294255,77.23519951,0.533747835,25.22912848,5.872758508,4.275452609,62.2549019608,2012,65,333209,31052,-42.1168344696592,-19.5765433557139,0.000195072762140278,0.000151041119419565
0.034244132,9.442442737,73.62845117,0.524602355,34.05787208,8.861436814,4.275856169,50,2012,14,141984,31053,-42.6769380017843,-17.4487042954093,9.86026594545864e-05,0.000108534758246138
0.06193199,7.466165782,82.09925442,0.51092052,35.20117307,5.755439499,5.91630029,47.191011236,2012,28,210185,31054,-45.3143305690636,-20.8765947868559,0.000133215976401741,0.000180274303030483
0.102883444,11.81967832,76.88777582,0.491764951,43.83128822,14.32293856,6.035912392,45.8333333333,2012,9,73921,31055,-45.4686551154537,-19.6285733070363,0.00012175159968074,0.000127817178517245
0.042284863,6.668145042,73.7405718,0.529648535,32.91848761,6.897143053,5.621584775,65.3465346535,2012,29,190364,31056,-43.8010860015547,-17.3647127895734,0.000152339728099851,0.000134374206584051
0.126278655,5.957569244,88.73447407,0.494751703,28.29290593,7.196263684,5.490307636,68.0555555556,2012,22,151937,31057,-44.0434512433478,-19.9016421439532,0.000144796856591877,0.000174925838189891
0.082103604,5.849340789,84.58532207,0.473556685,34.09702836,7.328866478,5.16107939,60,2012,16,184441,31058,-43.7639838207027,-21.1968061184244,8.67486079559317e-05,0.000179905446694799
0.077931789,7.344082716,81.71756258,0.49727046,38.11571434,9.799935652,9.069305769,42.6829268293,2012,19,224453,31059,-47.0290899776511,-19.6122615907989,8.46502385800145e-05,0.00016139992099904
0.071067129,12.31844857,70.75240319,0.493216027,44.98400526,19.99791163,7.513379515,62.5766871166,2012,53,186688,31060,-41.8711826084511,-16.927312298496,0.000283896126157011,0.000147236325071082
0.062085942,12.78380731,62.43727494,0.519120304,47.25520268,25.45887933,3.919339805,53.0864197531,2012,39,277362,31061,-44.4450195791429,-21.892599142259,0.000140610465745127,0.000123283291618442
0.083038112,11.01925673,63.16943836,0.493785239,45.94231937,24.8976249,4.815238319,45.8333333333,2012,25,222542,31062,-40.6981902998646,-16.3322686009021,0.00011233834512137,0.000110398506961755
0.058336292,10.94222383,74.96141109,0.498591264,38.39851758,15.57465212,5.265034557,57.5949367089,2012,42,278176,31063,-46.027751444898,-21.3734229712369,0.000150983549982745,0.000131221109627165
0.091229371,8.389659782,83.98850362,0.501790259,30.67148133,10.14526601,3.922383283,59.2760180995,2012,65,273881,31064,-41.3844260459633,-19.492369794429,0.00023732935106853,0.000140716729099629
0.108701321,4.934843274,94.06328832,0.491092018,25.53277607,2.605132575,7.223293877,66.1555312158,2012,183,738328,31065,-40.3853515401589,-20.2728728169872,0.000247857320865523,0.000322632172105846
0.07064038,7.556376181,89.56969389,0.49543653,32.99349704,6.77340424,6.679372175,62.7906976744,2012,51,217985,31066,-39.9720853927916,-18.6465254629823,0.000233961052365988,0.000236531193926395
0.047061987,17.87432484,63.28940881,0.519700852,46.7864744,27.89444211,6.56326049,87.5,2012,13,89657,32001,-40.7166125699538,-19.9435558932156,0.00014499704429102,0.000196281523007453
0.066070421,12.5065548,61.62758843,0.51685135,38.13432048,30.09853228,4.434404033,75,2012,15,125475,32002,-40.5141171241134,-18.7619625330711,0.000119545726240287,0.00012579536722407
0.068599126,10.46122183,74.39399933,0.503647999,31.81383118,15.81644647,5.732982775,87.922705314,2012,69,201881,32003,-40.322044322061,-18.2056054551124,0.000341785507303808,0.000166516879408821
0.139762404,18.12430038,76.16683217,0.516963122,46.93134119,17.71044551,7.288864981,57.4468085106,2012,14,54929,32004,-40.1366160421775,-19.4723478758515,0.000254874474321397,0.000199553797678277
0.181232488,12.14996342,77.54922049,0.577091844,42.08771674,12.41771448,9.46412093,76.9230769231,2012,54,190102,32005,-40.9986249444551,-21.0613123915385,0.000284058032003872,0.000295808942554243
1.114017431,9.414497418,81.76862017,0.571705071,33.00530099,10.45394715,7.893672933,80.7829181495,2012,107,317319,32006,-40.7302016833284,-20.6533665071892,0.000337200104626575,0.000278285467321403
0.123420333,12.1825323,44.42223383,0.506691709,40.58440324,21.38150697,2.655156006,56,2012,18,133189,32007,-40.7438599659685,-19.3632046526677,0.000135146295865274,9.38911459325232e-05
0.059314818,11.09659139,42.01115501,0.493012607,36.48870184,22.8047425,2.081134067,48.6486486486,2012,15,105489,32008,-41.2914348269227,-20.8505971902238,0.000142194920797429,8.53606181612341e-05
0.250288586,4.628579208,98.63983038,0.530138807,23.28914637,0.430454342,7.928323546,40.0077160494,2012,738,1599855,32009,-40.8567148780743,-18.4379819950749,0.000461291804569789,0.000319641559676576
0.228507838,7.084443885,84.22161479,0.531275761,31.49660159,3.877592725,7.453409516,63.1147540984,2012,42,189071,32010,-41.5932291446975,-20.5330686123885,0.00022213877326507,0.000285144822397891
0.082752696,15.34987958,59.68553976,0.517556062,45.37733575,24.32291979,4.214612857,55.9322033898,2012,24,159140,32011,-41.0326821514535,-20.2034520563197,0.000150810607012693,0.000129039711877161
0.089105901,8.048947973,79.64742963,0.53015174,31.91250412,8.66662209,6.420427424,48.6153846154,2012,101,335435,32012,-43.5545890849657,-22.444072623252,0.000301101554697631,0.000197826246517675
0.074229209,11.51633161,66.78507993,0.576308511,47.01515373,10.72944809,8.018018018,60.6382978723,2012,29,76525,32013,-44.2342517889154,-22.548600322276,0.000378961123815746,0.000229252493624721
0.065600992,9.313397983,85.025036,0.508460981,33.02265573,8.430774972,7.89039856,73.5159817352,2012,71,197431,33001,-43.0959553422159,-22.1146783789904,0.000359619310037431,0.000263750773672572
0.0719107,10.77028928,78.80350401,0.524490787,37.97649028,10.31283924,7.096241083,56.25,2012,39,123059,33002,-43.0074365766165,-22.3339056090968,0.000316921151642708,0.000214582722598666
0.058335814,8.249020888,85.70874612,0.565217305,39.06853084,5.081358369,9.627674248,84.110787172,2012,176,597456,33003,-42.066854432347,-21.535660163665,0.000294582362550548,0.000413054599148322
0.102852336,5.279433514,93.57421427,0.585331447,23.88880145,2.087476333,7.932699342,63.9344262295,2012,105,274822,33004,-42.0343613573808,-22.0032750640581,0.000382065482384962,0.000381437991191284
0.029554625,6.385628624,91.47606075,0.563605039,32.24953399,3.801646074,8.614425125,70.4819277108,2012,53,157349,33005,-43.2122416458329,-22.7728720544304,0.000336830866417963,0.00039728543792961
0.041294093,8.277714472,82.50401029,0.532088469,33.18530351,4.441941329,5.945734156,68.2926829268,2012,24,63622,33006,-42.5086121444076,-22.2113861348259,0.000377228002892081,0.000274185284709971
0.080601942,6.627075324,80.52219769,0.545473214,22.39058763,2.200528425,3.509819374,55.9210526316,2012,61,235159,33007,-41.7725994670369,-22.2094299748672,0.000259398959852695,0.000200882923967033
0.074563633,14.1133218,51.93695984,0.531839561,43.26035886,22.61629131,5.399615896,20,2012,4,29595,33008,-42.6833125474448,-22.5867439524869,0.000135157965872614,0.000127277759627315
0.116399379,5.671984911,89.02212204,0.581409067,25.21906906,1.530226224,8.550271476,82.0754716981,2012,68,174836,33009,-42.2335933119172,-22.7881456427207,0.000388935917088014,0.000461793697387696
0.134826453,5.800520743,88.71469163,0.594860116,31.08045334,1.906271119,9.782358697,80.5161290323,2012,222,562026,33010,-41.8584077940483,-21.1525035834573,0.000394999519595179,0.000470718324318178
0.067940077,4.258122629,96.69917104,0.53486502,24.34173351,0.8115085,8.198393125,82.8978622328,2012,250,688661,33011,-43.8654731617303,-22.8422997025684,0.000363023316261557,0.000458262565883245
0.103321117,5.30254142,91.41350139,0.547749826,31.50782321,2.587108786,8.991868161,44.2953020134,2012,60,177108,33012,-42.390985022684,-21.9041560682329,0.000338776339860424,0.0003604364036303
0.360792875,5.698731907,92.24077974,0.625798461,25.82297321,1.010598965,7.44437513,24.6200607903,2012,96,215841,33013,-41.4035598188182,-21.6692016607558,0.000444771845942152,0.000353591955467717
0.070247454,7.205424394,80.77296634,0.55632107,33.32283328,3.220832942,8.741240318,66.1971830986,2012,103,165748,33014,-43.8071216235648,-22.2665961658885,0.000621425296232835,0.00033196776091539
0.068137208,5.070955335,90.95379589,0.553324802,25.7448621,1.079168848,6.667218064,66.4488017429,2012,160,485354,33015,-44.5758998132423,-23.0624513538866,0.00032965629210844,0.000357179218444835
0.069201632,8.587189487,80.31304633,0.592929627,34.22875997,5.607129595,9.230564734,79.2349726776,2012,56,111575,33016,-42.2715088178108,-22.5275484803144,0.000501904548509971,0.000373261105291768
0.125596135,5.37684875,89.66670093,0.649345813,30.99134388,1.716842496,10.74523068,74.4318181818,2012,117,231521,33017,-49.8614099702764,-20.2340028226073,0.000505353726011895,0.000410660377304666
0.100678312,3.52672129,99.70670546,0.572758436,24.7658036,0.761724101,8.310499046,72.7046484757,2012,9097,11740202,33018,-50.4724539028553,-21.9150999081804,0.000774858899361357,0.000407682987809888
0.07171726,8.195272084,87.1820479,0.458178314,18.89261113,8.444833966,5.121668303,52.4390243902,2012,25,149595,35001,-47.9104592731391,-23.2160691254414,0.000167117884956048,0.000148254400132167
0.061172018,7.379072352,90.32048402,0.473954891,16.77308472,5.035808944,5.322493225,66.2162162162,2012,15,105266,35002,-47.4193857458652,-23.4361634658861,0.00014249615260388,0.000201350184388886
0.040150565,6.719700761,91.51102348,0.471572897,16.8748368,4.387727052,5.272203202,82.6771653543,2012,33,141487,35003,-46.5948525286529,-23.6887171413442,0.000233236975835236,0.000243925866065271
0.057364832,4.747920121,92.36969146,0.485358246,13.8695426,1.95537699,4.752699961,72.4489795918,2012,213,777572,35004,-45.7619598604352,-23.0960469744118,0.00027392961680719,0.000237883200613749
0.072246179,6.731933112,96.49560879,0.517838765,14.03063656,1.651885167,4.711218937,89,2012,25,224432,35005,-49.4167763932182,-20.6938077620158,0.000111392314821416,0.000223860095699819
0.032350594,9.110473458,86.67371191,0.481434884,18.93325826,7.586251537,4.43287132,83.3333333333,2012,9,46688,35006,-48.1276636305806,-20.5043292362113,0.000192769019876628,0.000135150075825946
0.013774737,7.261761158,87.52467974,0.469879502,14.5939379,6.99651757,4.481638336,68,2012,5,66314,35007,-46.9119561034021,-21.7214464663684,7.53988599692373e-05,0.000135856470874891
0.036605993,7.860425851,89.74653505,0.487043556,15.84075618,6.148928884,3.196391328,72.7272727273,2012,7,80324,35008,-47.8894549641136,-21.9673677189419,8.71470544295603e-05,0.000133981249329438
0.075295646,4.708214253,95.40475101,0.495502262,17.23813056,2.91935372,6.133311041,90.2255639098,2012,25,136817,35009,-46.2499567436051,-23.8634166881897,0.000182725830854353,0.000327469424392605
0.055821258,6.429446964,96.10102702,0.541609869,19.51216039,1.893105977,7.145417162,63.1578947368,2012,28,214535,35010,-47.8900613188575,-22.3189446441517,0.000130514834409304,0.000283068404221184
0.040748093,7.564656605,94.17720196,0.505405449,22.0461624,2.331572425,6.704924258,47.1428571429,2012,19,96644,35011,-47.7551886770742,-21.3325760806468,0.000196597822937792,0.000218564024988136
0.092060077,4.271956073,94.97186479,0.548464285,18.14966015,1.294364316,5.110195477,87.037037037,2012,65,392208,35012,-47.8858551308011,-24.5721863635229,0.000165728389018072,0.000359529720743776
0.053650303,6.588102977,95.25819515,0.524906036,18.81033095,2.597412712,6.711681674,51.914893617,2012,64,411585,35013,-51.7317974647041,-22.2040623339577,0.000155496434515349,0.000271079736658689
0.082030164,4.322923853,98.09529251,0.515752459,15.48747842,0.534306379,5.437243418,84.0869565217,2012,260,1058037,35014,-47.2789220640797,-21.9653633519012,0.000245738098006024,0.000284675923829378
0.050778128,5.550328136,86.6641591,0.500687509,21.05810502,3.561676719,4.87782557,83.3333333333,2012,9,107638,35015,-47.7700446976682,-22.7702939878653,8.36135937122578e-05,0.000225617860178508
0.07319355,7.083478487,88.18832205,0.495970772,21.14727679,6.199251814,6.52424619,95.0819672131,2012,98,182882,35016,-47.5856877832386,-23.8707239316814,0.000535864655898339,0.000273496381964677
0.060414718,5.171950306,94.37441534,0.482352497,17.06481222,1.799056946,6.075114701,88.7133182844,2012,134,260052,35017,-45.2854319664205,-23.2510102204137,0.000515281559072801,0.000323570212256428
0.114549316,6.299353739,93.41554997,0.511263524,16.78222132,3.530076589,4.891103058,86.3436123348,2012,65,261986,35018,-49.5787929712074,-22.9897078626425,0.000248104860565068,0.000243776909181074
0.026213956,6.199666541,91.53039571,0.511265185,20.54387366,4.203971191,7.298125139,53.591160221,2012,42,162256,35019,-46.9050463490925,-23.4520468421402,0.00025885021201065,0.000254825301875726
0.196544449,4.448288672,94.20621145,0.505308945,18.42669662,1.722184714,6.154512173,83.7554585153,2012,289,568973,35020,-49.2669556313846,-21.3641615515105,0.000507932713854612,0.000264993027584574
0.049084431,6.123172904,95.79866144,0.547810579,16.06177785,1.443761859,4.654503818,68.137254902,2012,56,351696,35021,-49.876926742924,-20.7654188506857,0.000159228424548474,0.000215559596964268
0.071735207,6.35538262,87.74448816,0.550540844,24.64914416,4.608958926,5.009792446,84.9246231156,2012,63,181529,35022,-46.0955472835341,-23.5606388368537,0.000347051986184026,0.000272839837864549
0.069427704,5.181682153,92.36054192,0.512843008,19.6628914,1.878939774,6.390955704,60.4562737643,2012,61,211502,35023,-46.9703300025784,-22.3844414370118,0.000288413348337132,0.000252796549115595
0.076869614,5.593562169,95.24364282,0.521651914,16.91547974,1.654934851,6.357774612,88.8888888889,2012,99,510405,35024,-49.9563907294062,-22.2359165239764,0.000193963617127575,0.000305517040414007
0.104606237,4.567773195,94.81859076,0.516423265,15.53366131,1.200808708,7.065620271,79.0697674419,2012,65,314362,35025,-49.7601750611485,-21.671332738014,0.000206767993587011,0.000291209088209821
0.090692852,4.26778415,94.62150163,0.522038883,15.04462994,1.384853007,6.10294567,68.0608365019,2012,76,246456,35026,-47.3561085871867,-22.3923832418376,0.000308371474015646,0.000261847574913556
0.055824886,4.935888598,96.19716728,0.560083642,17.15174097,0.643681815,6.322135016,93.8559322034,2012,150,589068,35027,-46.9345914002366,-23.1783669629677,0.000254639532278107,0.000382495298496951
0.063659333,3.798032334,95.3559258,0.545791439,15.36561077,0.640793062,6.130530936,73.2217573222,2012,214,565651,35028,-48.6209007219863,-22.2776473444759,0.000378325151020682,0.000289013428383296
0.073545034,5.673014514,94.08044192,0.534135605,20.05777058,3.089085464,5.654439128,81.6326530612,2012,53,186206,35029,-50.7290867532465,-20.2212583624536,0.000284631000075186,0.000253386140498765
0.043725725,5.609221106,88.11319833,0.517536428,21.12603663,4.580218404,5.506829411,50.6329113924,2012,67,411486,35030,-48.4458870405955,-21.1441656466941,0.000162824494636513,0.000164849656388481
0.075480765,5.123201664,92.23723422,0.552309062,16.90768426,1.373003562,6.897776977,40.2985074627,2012,76,389477,35031,-47.7594026840848,-20.2606352304676,0.000195133473863668,0.000207285581148907
0.087498807,3.681936099,98.13607015,0.537975555,13.45705189,0.26343603,6.589639581,73.5785953177,2012,744,2694521,35032,-49.0457068109016,-23.8666410536836,0.000276115866233739,0.000360031184346886
0.074336145,6.017322595,75.70940716,0.527536013,16.34058907,2.584275517,3.768115942,71.4285714286,2012,36,181566,35033,-48.2353509908295,-23.5401803975555,0.000198275007435313,0.00017975431573537
0.086096307,7.79719649,88.18500375,0.48241109,19.60148285,5.293005671,5.397213564,88.3561643836,2012,75,117378,35034,-46.9500265157417,-23.8188682589048,0.000638961304503399,0.000244741887201993
0.052330603,7.809357102,85.18602584,0.484395206,21.07940172,4.78623232,5.856310171,93.3837429112,2012,150,159684,35035,-47.0012299334654,-24.1716557790653,0.000939355226572481,0.000271988168316396
0.103075163,6.682884662,89.75474739,0.498012699,23.34077424,6.323928628,7.29957214,81.7412333736,2012,250,577785,35036,-46.3389121143848,-23.3475364952386,0.000432686899106069,0.000274950158148882
0.317017846,7.774172321,91.53890301,0.496161479,23.45176265,5.076156423,6.495673218,96.6666666667,2012,24,109974,35037,-45.0896275028478,-22.7111711371686,0.000218233400621965,0.000293374060950889
0.095977716,5.305751651,92.61244077,0.494941862,20.24040338,2.295242484,7.211026148,79.0760869565,2012,89,333406,35038,-46.6430524995017,-23.3225823421721,0.000266941806686142,0.00032684452902487
0.10876939,6.197952479,92.39485941,0.503083626,22.05869908,3.78569665,7.170857041,68.4426229508,2012,54,266445,35039,-47.4170779067198,-20.4658630850859,0.000202668468164161,0.000212645413915564
0.065191072,6.320482907,90.09475126,0.525149144,23.39843018,4.403673723,6.044757217,80.4469273743,2012,52,292830,35040,-50.2742793588133,-20.1530850892051,0.000177577434006079,0.000228389001991368
0.121431393,7.799387016,82.02524276,0.589876354,41.21117169,7.599080211,7.188046089,69.8224852071,2012,53,241618,35041,-51.6416341871961,-21.4032357210697,0.0002193545182892,0.000283063304376535
0.088725124,5.16608172,85.48822304,0.593745825,27.33747923,2.68893543,7.121137813,78.1362007168,2012,60,195787,35042,-48.9034027181675,-21.0717641750501,0.000306455484787039,0.000280822001252405
0.067231985,4.620531256,89.25531832,0.566958496,18.77056501,1.306426859,5.755157356,78.1420765027,2012,59,264467,35043,-45.3101767376503,-23.551869899647,0.0002230902154144,0.000335013213079414
0.086623676,10.5036886,62.00256169,0.634255064,48.84580764,11.66637602,8.167290719,36.9230769231,2012,16,134032,35044,-48.6473868974763,-24.3249884557007,0.00011937447773666,0.000240518692626202
0.094066417,8.461296523,51.08704843,0.625471769,35.04660212,9.418390479,5.786167595,60,2012,30,190951,35045,-45.6828348347614,-22.7913291782353,0.00015710836811538,0.000169088115472934
0.086943582,4.053476878,93.43625056,0.590879897,17.75173436,0.722584729,8.058966973,67.9577464789,2012,413,1353899,35046,-47.1669000802443,-22.8775041253591,0.00030504491103103,0.000361318493943072
0.07169104,3.706134401,96.32765016,0.580319901,13.15473284,0.111643556,6.037108103,96.6850828729,2012,165,648871,35047,-46.5126220283437,-23.0244701708171,0.00025428783225017,0.000381244868118846
0.07166214,5.278094378,89.7665661,0.578396662,17.29708328,1.131306246,5.223545659,90.5325443787,2012,90,510299,35048,-48.3633732506616,-22.8861739865326,0.000176367188648224,0.000302074624225018
0.027591014,5.757132268,84.46335478,0.58376097,28.76927365,1.334668001,3.857264699,34.6153846154,2012,5,69517,35049,-50.2470708395717,-21.3802219304451,7.19248529136758e-05,0.000195840615307813
0.077589167,3.37400591,96.69546464,0.571451384,19.02538084,0.40915892,7.985662904,88.2270497547,2012,412,1442646,35050,-49.2108512522431,-22.2640975220826,0.000285586346199969,0.000396298675900685
0.050729485,3.58669157,93.87739877,0.5580454,27.12694372,0.890135858,9.033740912,52.9667149059,2012,204,406396,35051,-47.3901604857556,-21.0670003786742,0.000501973444620518,0.00030712584448361
0.102735817,9.154647436,69.4722423,0.55313908,42.51455716,8.925759961,5.842919805,70,2012,0,26410,35052,-48.6608272323082,-20.4841009088392,0,0.000160128101165878
0.065348335,10.44258133,48.71150131,0.541447258,39.93424344,16.05887234,5.710976479,12.5,2012,8,70383,35053,-44.5699441412439,-22.724560770369,0.000113663810863419,0.000106974623170539
0.288878873,5.380028272,97.4845535,0.606879284,25.84274882,0.274470863,7.001691684,54.4144144144,2012,144,290406,35054,-48.9317972358529,-23.1949262207015,0.000495857523604884,0.00037954738990522
0.346481001,8.563272543,71.99004893,0.609102863,42.0979269,8.662136392,7.675300951,78.0780780781,2012,95,243694,35055,-50.3987601989456,-20.6580274228581,0.000389833151411196,0.000237886274558347
0.535653891,6.12159176,95.22481924,0.574418895,33.89416416,1.393992251,10.02330532,72.3262032086,2012,237,224456,35056,-50.5458920232113,-22.5954914104525,0.00105588623159996,0.00047791870767031
0.082147972,4.147023554,99.92726129,0.68141748,22.67195685,0.230822148,8.511563869,92.0454545455,2012,746,1801601,35057,-48.5241246745263,-21.7041475249413,0.000414076146716171,0.000487703727826278
0.10274252,5.684366443,94.92394628,0.728337331,27.99972091,1.100675309,8.655321651,88.6281588448,2012,177,465698,35058,-50.7184302439908,-21.1270975047772,0.000380074640646943,0.000517923180136773
0.115858171,4.275917194,98.97197212,0.699094893,25.31120363,0.223522749,9.570882519,95.8977407848,2012,506,1373264,35059,-51.2594287916583,-20.8134420216116,0.000368465204068555,0.000598812492771009
0.101519963,4.954313268,98.91691776,0.684480349,25.25079141,0.628401072,8.546285127,80.3872053872,2012,394,1013390,35060,-46.6328600618467,-22.6627250479594,0.00038879404770128,0.000521394989683474
0.111084301,3.195890202,99.17446291,0.585757402,17.83796459,0.046597896,7.507794329,83.5735100395,2012,6410,13958229,35061,-51.0475433187665,-21.6515056390452,0.000459227313149827,0.000414595214831598
0.096247195,4.840132203,95.26983399,0.697940985,29.16100872,0.639442629,10.34416727,87.2222222222,2012,518,1344408,35062,-49.8096953092102,-23.6761475150534,0.000385299700686101,0.000655559247058215
0.152683899,3.890592292,99.87926687,0.583223782,20.26732892,0.112301647,9.403939353,93.8771274388,2012,1257,1494079,35063,-51.246212796229,-26.1503212218995,0.000841320974325989,0.000684696253702992
0.098968219,10.11461971,85.58202914,0.512159638,24.7016174,8.312890535,4.871904078,51.3812154696,2012,54,272756,41001,-53.5141634170227,-23.7282243713599,0.000197979146196601,0.000199514781395048
0.079595009,10.13255951,80.1989498,0.500468225,23.29604376,10.02068359,4.812074536,80.859375,2012,70,266174,41002,-53.9106338316363,-24.5402324706312,0.000262985866388152,0.000215711268904669
0.063889688,7.949050279,85.21129233,0.52219348,16.28113378,7.19443466,3.579770488,37.5,2012,23,145037,41003,-50.6745964968507,-24.4074078606366,0.000158580224356544,0.000147492472664099
0.102782846,12.74894271,77.17278653,0.507269422,33.76480119,15.67542042,4.739870155,38.4615384615,2012,16,114831,41004,-50.339651248635,-25.8501359320461,0.000139335196941592,0.000170918961240592
0.119609521,10.44973858,81.91780066,0.51669683,28.67558278,10.63739196,5.47252388,53.6585365854,2012,25,217415,41005,-49.4360108578555,-25.9890616228071,0.000114987466366166,0.000208476282065184
0.065792693,9.811782666,88.00234896,0.502431826,19.73638874,7.787610619,4.951873723,24.6153846154,2012,28,185506,41006,-50.7944588807046,-25.1595533351802,0.000150938514118142,0.000172515813840467
0.029077164,10.227586,86.93950738,0.527951114,23.64171057,6.890951276,4.967649696,60,2012,15,82422,41007,-51.2349132261152,-22.9126488467083,0.000181990245322851,0.000187795800491889
0.037469376,8.82018479,88.90041793,0.469364424,16.8314804,5.12910592,4.163845633,0,2012,1,34815,41008,-49.9924992610545,-25.0543753269294,2.87232514720666e-05,0.00011086519287737
0.096026288,4.557675458,97.13086773,0.485980181,12.76040698,1.825015876,4.319856629,30,2012,74,554000,41009,-51.9754780706521,-24.8058380462014,0.000133574007220217,0.000231341094531087
0.106277702,6.289829749,92.61666156,0.507838084,17.78692624,5.083464774,3.891848917,45.5089820359,2012,44,292405,41010,-52.6324777556574,-25.9743948749315,0.000150476223046802,0.000218625136782331
0.315773493,5.280362786,95.92089101,0.515797037,17.29825272,2.279553859,4.954158244,62.9230769231,2012,172,737502,41011,-52.7929834199719,-22.9485512441232,0.00023321970652283,0.000278020272131241
0.086284999,12.80362289,72.7943397,0.510806694,33.01679741,14.05256604,3.585961343,41.1764705882,2012,6,46129,41012,-48.5900419887468,-25.4683641638997,0.000130070021027987,0.00013892814035913
1.735573815,14.66968973,60.00770075,0.548724426,41.17905015,24.46430978,3.936256363,33.9622641509,2012,14,135867,41013,-52.0462470548509,-26.2503869300332,0.00010304194543193,0.000158828652354318
1.378331671,12.68314017,80.16804125,0.55024802,36.24222595,13.63016411,6.300910398,46.6666666667,2012,8,70836,41014,-51.8920269230238,-23.4688914785257,0.00011293692472754,0.000202000681833881
0.266052496,10.75999049,84.20306216,0.516400161,30.28420349,8.608534323,6.310885218,32.03125,2012,30,175226,41015,-51.1762592024705,-23.4425231315806,0.00017120746921119,0.00019425010525597
0.081598016,9.267917693,85.67383641,0.533349258,29.32346897,6.390341633,6.797920984,61.1111111111,2012,39,123002,41016,-49.8730663892635,-25.7508569809571,0.000317068015154225,0.000295722782309219
0.127974767,12.5630109,71.78350289,0.548863754,39.20212766,15.22474625,5.369679684,40.3846153846,2012,20,77805,41017,-49.7648199053632,-24.2873911227106,0.000257052888631836,0.000166743708431546
0.168927462,10.44054815,71.75876754,0.518384314,34.69881478,16.67638663,3.92494929,38.9830508475,2012,22,99079,41018,-50.0014987500384,-23.2296414278764,0.000222045034770234,0.000119449418622436
0.535223492,11.78423308,72.62435613,0.611018168,39.33958753,13.29066034,6.620988604,72.8155339806,2012,30,160909,41019,-51.5607943732625,-24.3553906707158,0.000186440783299878,0.000252490182396915
0.104686986,7.328698297,80.78644852,0.581239876,38.99710569,12.80485846,7.45436812,51.0638297872,2012,14,101239,41020,-50.7925830702669,-25.6711095417853,0.000138286628670769,0.000274285775485959
0.166053849,4.379323645,90.0718869,0.539500385,27.00446906,4.6055919,6.145323306,31.5789473684,2012,103,437091,41021,-50.3539803229073,-23.8401682591052,0.00023564886945739,0.000247248573738658
0.35126264,6.441488718,81.03658214,0.474656357,20.78252938,7.211832984,3.863418977,53.7634408602,2012,51,382940,41022,-51.9497058929086,-25.4400739909669,0.000133180132657858,0.000169209328328486
0.110860136,6.355113218,85.42882086,0.505384901,23.04140581,9.839225957,4.285288228,51.0638297872,2012,76,438658,41023,-52.8674324555185,-24.4190734675478,0.000173255702620265,0.000174225017760296
0.27446184,6.157784531,90.03498043,0.530396964,26.05657238,3.126889522,5.916982123,39.1304347826,2012,149,410212,41024,-53.2076636800723,-25.9593948581133,0.00036322681930319,0.000329080490674536
0.038828023,8.667797249,60.36708223,0.50795665,29.45833817,11.18468498,2.511713649,70,2012,5,95516,41025,-54.0939828135896,-25.3004612963501,5.23472507223921e-05,0.000137063382219669
0.068891263,7.986688852,67.92596046,0.512876045,26.22749319,14.49113318,3.202963205,50.6329113924,2012,24,244577,41026,-52.2046347514252,-23.5190371528986,9.81286057151735e-05,0.000110546632632809
0.568295865,6.019747491,77.58994882,0.48397661,22.45470478,12.51783376,3.134347617,55.5555555556,2012,13,160750,41027,-51.5139289744547,-23.9033258441056,8.08709175738725e-05,0.000118580503388674
0.198059022,12.8912715,47.18029973,0.628657121,51.14991369,40.44046253,3.263397173,12.5,2012,5,74361,41028,-49.261549902006,-25.3454170990251,6.72395476123237e-05,9.43442336841543e-05
1.073300783,8.672321714,69.45774242,0.599500931,41.60336563,21.0116141,5.124762286,69.1780821918,2012,49,380287,41029,-50.5347767218139,-23.2349470407463,0.000128850052723338,0.00018897660437719
1.715189943,9.81991377,73.79521739,0.609463001,42.7560538,15.60151093,4.338708511,29.6296296296,2012,9,91210,41030,-52.7527243846007,-23.6128785437187,9.867339107554e-05,0.000181925027530189
0.076367405,7.323413032,45.97239864,0.603397694,44.34384505,27.31135416,3.117229668,42.1052631579,2012,6,129917,41031,-49.126814525835,-24.7834502767705,4.61833324353241e-05,0.000132815586881286
0.045151823,4.655732446,66.72105409,0.543335696,34.13093296,16.98537683,4.479740167,45,2012,8,98329,41032,-53.2215125322829,-25.0333526433573,8.1359517538061e-05,0.000162622990732715
0.162823183,5.600557038,70.84008193,0.561983885,38.67348608,15.67902296,5.545087957,73.8095238095,2012,12,117480,41033,-53.6254344819742,-25.7759636205281,0.000102145045965271,0.00024843125414335
0.054564129,5.065404954,48.85254847,0.572291562,37.90249726,27.95021433,4.190719184,68,2012,5,63207,41034,-52.3227172816313,-24.1502062623849,7.91051624028984e-05,0.000154613312753749
0.120519266,17.45246411,26.84824903,0.651959031,56.96425488,31.39297848,2.600082542,83.3333333333,2012,6,28994,41035,-51.8524437860427,-23.007920252448,0.000206939366765538,0.000156305252556467
0.123366905,5.739060832,61.01605792,0.550714182,33.4720052,16.07985012,4.35512259,16.0714285714,2012,4,49890,41036,-50.8179274831746,-23.4826624320398,8.01763880537182e-05,0.000101475248027881
0.156813052,3.189794143,94.00391853,0.50129032,15.12926821,0.814834582,4.676229333,51.0978786751,2012,730,3120488,41037,-51.4420306125702,-23.6112737369778,0.000233937768707971,0.000248260100823787
0.217037439,5.009183928,90.48388798,0.576758648,30.74294115,1.551567158,7.323833755,71.568627451,2012,194,269858,41038,-52.2891507307925,-26.711856965342,0.000718896604881086,0.000528362744615684
0.163072009,6.034018893,49.61521708,0.556223526,35.01398358,8.946154691,4.709696301,32,2012,10,91035,41039,-49.0626265759805,-28.3087382232945,0.000109847860712913,0.000194664680988991
0.065815077,6.172606792,57.91440606,0.493793513,21.43963517,17.16761441,2.479157525,26.0869565217,2012,11,175283,42001,-49.0001015438067,-27.392425994408,6.27556579930741e-05,9.95752062008778e-05
0.391047385,6.127209596,73.81142826,0.498306262,17.01138671,12.20175528,2.881872108,19.8473282443,2012,31,411687,42002,-49.1259112113789,-27.7950845736323,7.52999244571726e-05,0.000113404789726898
3.026268324,7.967206586,68.37831633,0.524586302,25.66112948,18.30293623,2.653466851,10.6382978723,2012,15,154003,42003,-53.506813880754,-26.7109010234795,9.74006999863639e-05,9.87861970402078e-05
0.15315859,5.583746188,80.48391988,0.501902724,20.65177906,6.911499213,3.843933444,35.761589404,2012,56,330010,42004,-49.4327958778632,-26.3198822596575,0.000169691827520378,0.000175308150168407
0.166208888,4.93793323,65.76730756,0.47321483,13.52370309,6.693295908,2.03475265,22.2222222222,2012,12,142634,42005,-49.8418910456823,-27.0821543394722,8.41314132675239e-05,0.000101837707536265
0.105440656,4.859962103,66.42966452,0.523074172,31.85513308,14.30096917,4.319057955,67.1232876712,2012,40,245439,42006,-48.9325191023692,-26.3336443441212,0.000162973284604321,0.000174856295510482
0.051426085,3.037093395,90.84140987,0.476157774,18.80904371,0.97715736,4.855464229,65,2012,16,128150,42007,-51.2587464917367,-26.9148101264658,0.000124853687085447,0.000333657534760877
0.156044376,2.483969968,93.41006207,0.49466284,10.66734769,0.29870624,4.222940315,73.6949846469,2012,252,867387,42008,-49.5666781434732,-27.4705620106019,0.000290527757506165,0.000342630890584189
0.122323161,8.784095655,80.99750461,0.527691179,32.87437583,8.517250461,5.14509338,40.9090909091,2012,17,123461,42009,-48.7369046533639,-26.8940427035349,0.000137695304590113,0.000236697129918807
0.107350897,6.876421462,82.04670644,0.501903847,29.50340867,6.984255147,5.267261854,48.7179487179,2012,53,283996,42010,-48.680748131566,-27.6525261442239,0.000186622346793617,0.000257279723463408
0.756000664,4.199162424,68.85755561,0.454182013,12.94487879,4.839332314,1.704082142,75.5555555556,2012,15,208279,42011,-50.7819139717236,-27.2866554793339,7.20187824984756e-05,0.000145677618925605
0.134046674,2.335624286,90.00968443,0.468117692,5.922861944,0.477314838,2.08825808,75.1773049645,2012,147,696990,42012,-49.4260881401893,-28.6152278761917,0.000210906899668575,0.000247976108406034
0.14922576,3.163524088,94.93000226,0.525308359,12.35341982,0.214021098,4.547497195,69.1868758916,2012,425,596034,42013,-52.0846767528465,-27.1812985524794,0.000713046571168759,0.00036232872748696
0.043039291,5.762901758,52.37164428,0.478437364,20.69705384,12.87117273,1.178888822,33.3333333333,2012,0,56444,42014,-52.956196528374,-26.8188124237533,0,8.46456717053273e-05
0.400404757,5.586693689,74.64066937,0.538489989,12.63326284,4.450873096,2.016682925,58.5714285714,2012,25,95238,42015,-50.3054191294463,-26.4110350335441,0.000262500262500263,0.000150067448819686
0.248787375,2.921269269,95.50463416,0.482685064,9.56966745,0.126276378,4.317448002,42.2485207101,2012,402,903568,42016,-50.215579822178,-27.9386934273378,0.000444902873939759,0.000304692113002556
0.012537613,7.713104326,35.46054831,0.473079748,20.47545046,13.91292945,1.128429367,20,2012,0,24132,42017,-49.2194563950565,-26.8991382387016,0,7.03874854125932e-05
0.117911001,5.013645434,78.88939575,0.501388502,15.7625743,3.357666631,3.3878156,43.3908045977,2012,107,380567,42018,-49.732482665993,-28.9836011938234,0.000281159427906256,0.000215691415438016
0.101787232,3.462765811,89.83535374,0.508349696,12.27827784,1.161486909,3.999248224,72.536687631,2012,135,376053,42019,-50.7393957612265,-28.6499874591205,0.000358991950602708,0.000328239848244776
0.106743064,5.651151187,69.4543383,0.510959538,20.25330531,2.691032724,3.636838825,64.1666666667,2012,41,183931,42020,-53.9581894369666,-27.4824456013476,0.000222909678085804,0.000225024805981254
0.029883771,4.570426651,70.39599176,0.423822595,20.75238522,3.614924712,3.378019644,38,2012,11,156636,43001,-52.558425640726,-28.9578617261338,7.02265124237085e-05,0.000181255540561669
4.292251415,7.025180644,57.72702616,0.462807371,28.15569323,11.67025531,2.496256873,45.4545454545,2012,13,142756,43002,-53.1504842909752,-31.0115788778316,9.10644736473423e-05,0.000141367105578054
2.960396323,9.239280573,53.43890496,0.508143207,32.39379014,14.91660382,2.699367889,28.2352941176,2012,25,173085,43003,-51.8573310146588,-30.0937269015698,0.000144437704018257,0.000135411770670325
0.79138968,4.757506579,73.02093521,0.459504186,17.42565498,6.725916788,2.313434079,58.6538461538,2012,43,211452,43004,-54.7694374317849,-28.410537331868,0.000203355844352383,0.000151053800562248
1.627745894,7.665554832,57.52688172,0.459204156,25.3471763,11.30762824,1.765998117,34.4827586207,2012,12,60354,43005,-54.35100742539,-29.1070905642066,0.000198826921165126,0.000110734625615895
0.015136608,6.056768234,51.92764701,0.452086686,26.77865763,1.944821348,2.616505768,12.5,2012,9,65480,43006,-54.5476234784592,-27.7688917044376,0.000137446548564447,0.000132996547596226
0.153322063,6.378156909,75.94011301,0.459095461,30.52135466,6.478276438,4.36413362,36.7088607595,2012,24,195191,43007,-54.2180731124005,-29.8339566156111,0.000122956488772536,0.000223284269849534
0.636146151,5.079986675,79.02022619,0.455677601,21.82151958,6.0345519,4.024875276,39.5061728395,2012,20,184556,43008,-52.6738032195518,-29.5225993132996,0.000108368191768352,0.000207063175137022
0.136915219,6.458712691,78.34989028,0.467634086,25.69432633,5.02352434,4.727674219,26.582278481,2012,32,160112,43009,-51.6742018968406,-27.8149164785904,0.000199860097931448,0.000215383711544521
1.178811302,4.2986799,82.64220956,0.470773534,16.82286353,2.594670407,3.024310615,52.3961661342,2012,58,331915,43010,-53.3907485565526,-29.7224571868029,0.000174743533736047,0.000229663024091889
0.335501222,5.517757575,78.37481611,0.456924083,25.06906818,8.358725353,3.955414896,17.1428571429,2012,20,149383,43011,-51.0980793291439,-30.0205583246509,0.000133884043030331,0.000163142244771932
0.028421875,4.209298936,74.21662206,0.422302003,15.02574616,3.26417704,3.020013582,31.5789473684,2012,6,42368,43012,-52.4593756977198,-31.3966416613848,0.000141616314199396,0.000180074533386534
0.076933837,12.54206291,53.92502448,0.542307852,37.1548755,27.16150433,2.481157507,41.6666666667,2012,18,71443,43013,-52.2175822979844,-28.260670412722,0.000251949106280531,0.000132252055972863
0.062083003,4.479760465,66.66457104,0.472299218,11.06949548,5.781474886,1.518321328,32.2580645161,2012,24,129018,43014,-50.4414303164941,-30.1781824865261,0.000186020555271357,0.000120857437024715
0.106777173,6.676539451,75.93191684,0.493759375,28.92501587,7.285277548,3.617821404,58.75,2012,32,157890,43015,-52.8606236594926,-28.5423146326562,0.000202672746849072,0.00020625998937087
0.105766894,2.562530003,90.59441255,0.47056247,8.426079778,0.964095874,3.277676448,66.265060241,2012,167,787135,43016,-51.4207715971238,-29.564522162039,0.000212161827386662,0.000276954618669415
0.056919824,5.568200106,76.64931967,0.463363186,31.77849202,11.1823722,4.792211304,44,2012,15,110611,43017,-52.8186494050619,-32.8646261643642,0.000135610382330871,0.000227033964635412
0.11487097,4.280027567,87.70522511,0.471443283,23.95263965,5.673152828,5.630438869,68.7912087912,2012,144,365075,43018,-51.9999906256485,-29.3753854330162,0.000394439498733137,0.000323761237958606
0.030044276,6.676543402,49.32637571,0.47253602,27.40317238,10.98470178,2.724543985,32.5,2012,20,62779,43019,-53.2781171912,-32.147913167911,0.000318577868395483,0.000132239850642627
0.051512276,5.417193327,63.41317216,0.484762944,22.30200215,7.657803468,2.753837687,34.4473007712,2012,110,323551,43020,-53.7671753825058,-28.2259057526421,0.000339977314241032,0.000136932935096311
0.101125802,3.938647983,74.89560152,0.454063618,12.26911452,3.683970163,2.391773062,47.619047619,2012,47,309856,43021,-51.8687937799649,-28.7815250067994,0.000151683362594237,0.000160461857772286
0.062104086,8.010757537,73.03963548,0.491634644,30.59698543,6.614499859,5.788075831,73.8636363636,2012,55,152323,43022,-50.8200220597251,-29.5220310657294,0.000361074821267963,0.000302527619086062
0.076042999,3.290240214,74.57843045,0.486810343,15.25529978,0.704152275,3.5295222,79.3296089385,2012,43,206297,43023,-53.1684179768143,-27.4408618196878,0.000208437350034174,0.000267229893659714
0.078224836,3.515077439,86.96983286,0.497554676,13.4605521,1.000509241,2.486030205,59.0909090909,2012,72,302136,43024,-52.3336595948611,-27.611090375818,0.00023830328064183,0.000231594166416635
0.085649825,7.333815998,79.78176703,0.527553517,29.60787289,7.946634481,6.45123263,70.5765407555,2012,149,145388,43025,-53.2480452444441,-28.7409012614392,0.00102484386606873,0.000318803345042625
0.187236651,2.951851041,98.15370825,0.51663547,18.81422701,0.23059204,5.774354765,64.9034424853,2012,2700,3658690,43026,-54.8374181804183,-28.097854944902,0.000737969054497648,0.000465961924347361
0.237160639,5.889266865,83.77897449,0.519809514,24.67712531,1.500341971,5.169169099,55.905511811,2012,167,349487,43027,-51.3104810139542,-29.0810782769326,0.000477843238804305,0.000358561542209439
0.271372501,8.018984526,63.94195388,0.530167025,35.20825284,15.97723135,4.354349661,29.6610169492,2012,35,131476,43028,-53.1083827493156,-28.0060181628988,0.000266208281359336,0.000166632950844128
0.126287238,5.768968267,88.08040654,0.541160047,36.25746208,6.789914508,7.404408244,77.7777777778,2012,99,361829,43029,-56.0363048410098,-29.5498661495833,0.000273609909653455,0.000480225978245275
0.100568809,6.327791437,88.4940632,0.513868255,35.27959808,7.472868217,7.249002008,81.9672131148,2012,61,183559,43030,-54.28343908876,-31.1489978891988,0.000332318219210172,0.000461555911506272
0.066164964,5.516146891,81.55320814,0.514991153,33.07814012,3.949927078,7.319951323,60.1226993865,2012,46,173987,43031,-55.0199722981313,-30.4888699046555,0.000264387569186204,0.000421432819682743
0.194119719,9.770114943,62.56323922,0.498420063,38.70533053,21.86809183,5.070556861,42.8571428571,2012,15,116439,43032,-51.7569709246718,-30.6990920517751,0.000128822817097364,0.000203926613748802
0.128386983,5.254492182,81.21926219,0.51235436,28.24435746,9.413777567,6.467949406,88.3570504528,2012,225,484359,43033,-52.750064178535,-30.1008427304934,0.000464531473555772,0.000347824086330179
0.082778342,7.322692908,87.8748542,0.49507625,37.64469621,6.529821438,6.914201804,43.4782608696,2012,13,52712,43034,-52.9324533474515,-20.5311953778472,0.000246623159811808,0.000270565840997448
0.215299764,6.056556684,92.20491608,0.541282002,28.95320952,1.495721672,8.082601857,85.8255451713,2012,152,261275,43035,-51.6579182662539,-19.8025614139707,0.00058176251076452,0.00040764519566662
1.29856084,6.87413708,88.03535892,0.745820857,42.90857151,8.841826247,7.964515816,85.9531772575,2012,78,140862,50001,-53.0820527563851,-22.0729962982726,0.000553733441240363,0.000498513576903261
14.57208724,10.52007145,71.98003928,0.636944659,47.77628421,13.42327259,6.782275301,52.5,2012,43,106489,50002,-54.3441163948436,-23.1106817118411,0.00040379757533642,0.000373744424800882
0.221892229,10.54072398,84.27978903,0.538831445,31.57093461,14.89125094,5.630917172,50.5747126437,2012,27,119147,50003,-54.9926920052718,-22.1770658857474,0.000226610825283054,0.000229566526057702
0.945241237,4.446826803,94.52915886,0.52918812,23.7021561,3.300676757,6.179288181,50.7258064516,2012,317,896489,50004,-52.7708776721673,-18.8722457890342,0.000353601661593171,0.00030465715465911
0.149231458,8.607852474,87.27221476,0.509223074,22.21515172,7.76998031,4.865938431,65.3846153846,2012,12,63883,50005,-54.6174868216233,-20.458917619736,0.000187843401217851,0.000242338199799104
0.054924936,10.90357895,85.64759115,0.500418691,26.68053672,13.70446363,5.285035629,47.3684210526,2012,21,77331,50006,-56.4523393584502,-21.3818838638699,0.000271559917756139,0.000232709172465024
0.240646161,7.745405953,83.9490291,0.555811187,26.00796432,9.736745738,5.725994019,82.5301204819,2012,55,159326,50007,-56.8668109787078,-19.274816110672,0.000345204172576981,0.000375793318206328
0.191239207,10.02714523,78.22928336,0.557222944,31.89929782,16.11916951,5.901109265,53.0303030303,2012,19,90595,50008,-55.9554058136489,-20.0023113744805,0.000209724598487775,0.000261287290386107
2.326752427,9.840872659,78.55663443,0.586445043,44.05531368,14.92054607,5.296461683,60,2012,26,105987,50009,-54.3626614282206,-18.5798410268046,0.000245313104437337,0.000292378562956519
5.701919871,8.409260074,81.74096012,0.583902502,32.71560797,11.54800723,5.143445059,41.9310344828,2012,225,515030,50010,-53.4947433879074,-16.0250220888815,0.000436867755276392,0.00027961784570353
7.036534664,13.47821089,72.41763243,0.600903046,38.46473949,18.39639269,6.448535353,48.5355648536,2012,79,229949,50011,-57.8673503325101,-14.7432566805654,0.000343554440332422,0.000411638277501779
2.816195485,10.28489591,63.5369149,0.651428265,41.00295202,36.10759572,4.190278058,67.8899082569,2012,45,143796,51001,-54.6178354901795,-11.4862644552266,0.000312943336393224,0.000244049211345125
0.361101865,10.13070565,67.94060984,0.598760978,34.46334586,28.80636605,4.785639031,39.1304347826,2012,22,100528,51002,-56.0382675037767,-14.8671142903433,0.000218844501034538,0.0002648655807837
1.43056039,10.8602646,67.10964149,0.589586323,38.75056936,29.00126422,5.143292261,42.4460431655,2012,35,145783,51003,-54.6284518354837,-16.704694606851,0.000240082862885247,0.000241487007773414
2.334795845,7.335656214,81.92939649,0.648629755,23.3473677,12.98228494,5.491734994,48.4848484848,2012,16,93467,51004,-54.5659467693547,-15.2152093238432,0.000171183412327345,0.00031141315554978
1.56276856,10.49634878,69.27084022,0.616967868,30.81899444,22.12931752,4.465598845,48.7179487179,2012,14,76872,51005,-58.7437424306827,-13.4301206442805,0.000182120928296389,0.000265299643146928
0.201330349,5.179881615,83.46424164,0.622288515,19.75659358,11.82087238,4.612470062,42.4460431655,2012,46,204751,51006,-53.9688484128707,-13.558071364801,0.000224663127408413,0.000251833211152918
0.87130245,6.77384695,78.65049166,0.603442933,25.29924875,11.20498428,4.66380196,39.7058823529,2012,20,179412,51007,-51.7442872985168,-11.1837091044755,0.000111475263638999,0.000189496501226402
6.420233463,15.05417141,69.07830739,0.629411935,35.19460619,22.1163696,4.5427465,50,2012,5,33544,51008,-51.5709276976673,-14.2796938578212,0.000149057953732411,0.000187233901578598
3.842727062,11.45461652,58.64858604,0.657616589,45.3112907,29.40599522,5.962992562,18.4466019417,2012,15,115959,51009,-58.5139748642153,-15.5316055057611,0.000129356065505912,0.000307515212452452
12.73839221,12.0145819,65.43916472,0.603057807,30.79279463,23.34499602,4.21375596,52.1739130435,2012,37,102483,51010,-55.7520000589493,-15.8894984798603,0.000361035488812779,0.000302424989346333
5.520560332,8.211273857,87.02775607,0.534912504,29.79447834,10.44776119,7.695920558,66.9902912621,2012,20,65908,51011,-54.6490427391373,-10.1741212085871,0.000303453298537355,0.000408896321184739
0.604951751,10.5100811,67.2440759,0.625263309,35.96277355,26.49568458,6.196943973,13.9072847682,2012,21,69039,51012,-52.698180128058,-13.5797030836036,0.000304175900577934,0.000183284493259903
1.305628972,10.6022426,87.30255122,0.622608166,30.26587569,8.606248716,6.912702443,66.1157024793,2012,35,149801,51013,-59.5618396387456,-10.5681438146646,0.000233643300111481,0.000398051477362415
0.303442113,13.16265135,70.10815943,0.555863011,36.31751381,23.65495776,5.796070942,29.6875,2012,30,107679,51014,-57.1808357822931,-11.7291945864445,0.000278605856295099,0.000264898389366414
0.158730159,13.34986988,76.00732601,0.584025677,40.34538818,24.42955627,8.359090597,13.0434782609,2012,6,32743,51015,-55.7005516799034,-13.0946475699938,0.00018324527379898,0.00030644145578727
0.129487553,18.96597088,53.50101971,0.672111648,48.30805516,38.42087504,6.621873229,16.6666666667,2012,7,30778,51016,-56.9775643719236,-14.4717344817308,0.000227435180973423,0.000245713361706299
0.288050428,5.405930697,95.34633572,0.60312084,24.55268413,3.474049528,6.536676119,52.6967005076,2012,735,868141,51017,-57.169377927649,-16.6714883086541,0.000846636663859903,0.000589225202789534
0.236045333,12.62260216,80.15403471,0.669644992,43.30475662,17.97711333,7.53184517,40.2116402116,2012,65,133324,51018,-59.6921948246526,-15.0855906071928,0.000487534127388917,0.000460833146709362
0.148227841,5.317382261,89.34672165,0.586562347,19.31765847,7.733206364,5.034046693,54.4117647059,2012,23,87669,51019,-53.4860716397302,-17.2967990576305,0.000262350431737558,0.000254687432998003
3.592199167,13.4751773,72.86953969,0.520282747,39.83423983,17.15088508,8.201102389,22.2222222222,2012,6,54567,51020,-57.3595184700075,-9.43629405524924,0.000109956567155973,0.000267594011515497
0.283271734,8.558386493,89.94040775,0.570577026,26.22873866,6.658409597,7.473506505,75,2012,77,283538,51021,-46.5540039100783,-14.2029939279769,0.000271568537550522,0.000175009113720107
0.137967475,8.389827188,89.82269712,0.53706139,26.20648616,10.95377307,5.644708787,50,2012,2,35554,51022,-50.2094917052677,-17.1770271681711,5.62524610451707e-05,0.000148391283142075
0.148629092,14.71265158,75.20892818,0.524088317,37.29181181,21.92278516,7.345318187,25.8064516129,2012,16,77067,52001,-51.9225783181007,-17.6581790152309,0.000207611558773535,0.000170755139319472
0.55663035,14.55645102,74.62014504,0.48231989,34.38766309,19.14116188,5.620287868,37.5,2012,10,87890,52002,-50.2878123811612,-13.9596221490745,0.000113778586869951,0.000131724553494682
0.192963157,12.81773308,77.33133758,0.491150632,34.96186278,19.54652912,5.154188234,34.375,2012,16,55718,52003,-50.808215899124,-15.4246713691936,0.00028716034315661,0.000134927118861183
0.094630681,12.86302316,79.96508603,0.507755488,38.26462011,15.76843312,6.581673307,45.5357142857,2012,34,232179,52004,-50.9456311901348,-18.72513187884,0.000146438739076316,0.00015626113999998
0.28396401,17.82998217,67.2260864,0.58360728,53.40451573,22.45650738,8.887109688,46.1538461538,2012,10,63695,52005,-48.9061781716647,-13.9477508126635,0.000156998194520763,0.000171540978533413
0.17860309,11.64386232,83.27790727,0.487860206,32.15321001,11.82169257,4.879731689,54.8387096774,2012,23,234079,52006,-48.4480401704938,-16.957067356873,9.82574259117648e-05,0.000104833244477035
0.082188738,7.777109738,92.73536707,0.508087667,27.4663143,5.860508843,5.523555912,37.9888268156,2012,78,551559,52007,-49.3530001899092,-17.8723643494786,0.000141417327973979,0.000155281061406515
0.084622415,13.20762685,79.7938598,0.43454448,31.25470343,16.43165741,4.59117787,26.6666666667,2012,6,58597,52008,-50.9141176098242,-16.3929191176173,0.000102394320528355,0.000108925283812785
0.094960692,11.64590194,82.76006903,0.471191021,29.6094518,10.6438063,6.182826112,37.5,2012,12,110677,52009,-49.210354494272,-16.7733641453038,0.000108423611048366,0.000118863468642921
0.160766843,4.566838307,98.12087512,0.530217881,21.0833012,1.066920382,5.360013093,69.8280643372,2012,426,2180625,52010,-47.9491576185755,-15.7689330859841,0.000195356835769561,0.000204501494545254
0.061503481,18.5154827,64.50596863,0.586710735,53.41391795,25.41355346,10.85790885,39.7058823529,2012,20,109633,52011,-47.4262515335793,-13.8099757508802,0.000182426824040207,0.000153545440502527
0.165144606,8.08077963,89.40794043,0.624136822,38.5580744,7.458437001,8.117006483,53.3073929961,2012,111,1088240,52012,-49.4923930761279,-15.1153600132709,0.000101999558920826,0.000244452690397354
0.089823109,8.585854149,89.70371814,0.535799919,23.934892,7.693946085,5.314827642,55.2325581395,2012,45,461853,52013,-47.9525030184451,-17.8252983160267,9.74335990022799e-05,0.000125755017099845
0.081890707,12.38298796,79.33008119,0.506416322,31.25816514,15.52038138,6.250322669,25,2012,13,115403,52014,-51.8715022779058,-16.1879430690283,0.000112648717970937,0.000160227031484903
0.100187367,9.040650175,89.65440894,0.487795302,24.10299022,6.62297629,4.898660476,43.4343434343,2012,41,368419,52015,-50.1913979784301,-16.4368555805804,0.000111286334309577,0.000147201075359687
0.074023215,8.617472669,72.85064475,0.472030004,27.97253382,19.26716262,3.958064582,10,2012,6,94275,52016,-49.4539353127259,-16.0475846777611,6.36435958631663e-05,6.13445544526817e-05
0.141910427,7.114090472,89.40424781,0.476324057,21.89263315,8.281155742,5.67550097,35.4838709677,2012,14,151663,52017,-47.7973607131298,-15.7806923846909,9.2309923976184e-05,0.00010830326149598
0.064074218,10.98936625,85.25119801,0.503360643,23.05229553,11.70002199,4.370863198,32.2580645161,2012,8,113424,52018,-35.1723775404126,-6.35917570154073,7.05318098462407e-05,0.000116257710873547
0.238428736,3.472250897,96.57803405,0.541481018,19.99874166,0.972841822,7.816908934,67.6113360324,2012,363,2648532,53001,-34.9815716579165,-7.38042528218963,0.000137057056512815,0.000325876626711841
0.334986675,6.354471495,84.10664051,0.713508272,31.27839261,15.26997493,5.41120811,59.2395437262,2013,333,613757,11001,-60.6732648777446,-12.1375562216968,0.000542560003388963,0.000337973694241942
6.446776612,8.493550242,71.36291667,0.742960392,48.59763297,29.36466402,5.916373064,58.064516129,2013,25,79879,11002,-64.0285860057704,-9.43154092944457,0.000312973372225491,0.000303954536801989
0.160093485,10.21167961,66.9675723,0.66382054,42.28297994,31.92353738,4.084887144,88.6524822695,2013,50,192354,11003,-62.3563835789341,-10.636676463161,0.000259937407072377,0.000228557786391351
0.549301781,10.29428599,68.67524521,0.595117232,38.89858174,28.53455212,5.49725876,75.1552795031,2013,59,315964,11004,-64.0978147371483,-11.6949146980331,0.000186730133812713,0.000235057249057626
0.317736236,11.41837821,42.84594779,0.638516772,51.57131346,48.40628779,4.035860432,58.3333333333,2013,12,74999,11005,-61.2160975495619,-13.153460175999,0.000160002133361778,0.000178172641330756
1.023171437,10.26799424,66.49737963,0.59465871,39.10928853,29.28719604,5.578758125,69.3181818182,2013,43,246464,11006,-61.6887785811353,-11.932732730847,0.000174467670734874,0.000249035653113397
0.821544051,7.811039795,82.75737317,0.592796525,31.71298235,12.12468257,6.040940062,88.7640449438,2013,20,149595,11007,-62.5666219086101,-9.6590901135286,0.000133694307964838,0.000294421958753016
0.111255681,11.78291063,65.34102695,0.555026773,40.84771834,29.25861343,5.059368082,41.1764705882,2013,9,55202,11008,-62.883700177939,-11.6058899327112,0.000163037571102496,0.000180789547786433
3.26071252,22.84087077,57.5514239,1.010474317,60.54176072,32.8302521,6.722286362,50,2013,35,138755,12001,-71.1248769693091,-8.6984193450702,0.000252243162408562,0.000394493736229348
8.279810671,32.39558083,51.2999638,1.231924597,65.52160964,44.53638201,4.761272623,45,2013,12,77129,12002,-69.6590573259369,-9.6142587351303,0.000155583502962569,0.000248472883393834
7.816413877,26.12584536,63.67132798,1.032349834,58.63709342,35.37165262,7.526260504,58.3333333333,2013,24,54071,12003,-67.9204695876503,-9.98272167254455,0.000443860849623643,0.000378965057826555
0.184878251,11.01452156,83.02779392,0.796628837,42.60302694,11.74802529,8.64702312,31.6161616162,2013,255,444009,12004,-72.8619437197524,-8.2736824723849,0.000574312682851023,0.000506753217756168
1.230800702,19.10776332,66.32174699,0.826226078,55.68908471,28.96636086,5.895376601,70.9090909091,2013,24,62499,12005,-69.1597208679496,-10.7140791243705,0.000384006144098306,0.00037648842661403
50.64622783,23.38727148,48.26342464,1.462993465,48.0722246,45.45814256,7.683733373,36.0902255639,2013,49,106390,13001,-65.4698308927908,-4.02048893783099,0.000460569602406241,0.000430854316995671
10.04667257,21.05630363,48.48716504,1.529979184,72.38630846,47.04287827,15.43926766,0,2013,4,24393,13002,-59.9236399964055,-1.58792407579275,0.000163981470093879,0.000196288934222864
27.6227833,21.74746004,58.06581167,1.415514478,70.701607,39.52474549,6.358735604,43.023255814,2013,128,240175,13003,-65.1316647723724,-0.341505760119682,0.000532944727802644,0.000388435375279417
4.307559936,33.10752572,62.22065783,1.141230494,72.10022986,40.09565887,6.539285536,48.3606557377,2013,32,139876,13004,-65.1024078406029,-7.14068493288451,0.000228774057021934,0.000277326972309012
3.012626956,15.78502392,74.05869704,1.223541848,66.95602185,20.83382825,5.363723216,30.3921568627,2013,32,90852,13005,-58.1999864639076,-2.90873197652239,0.000352221194910404,0.000298212977925365
0.947010771,18.12290859,60.82227611,1.162765525,66.90984234,35.1274883,9.134779153,39.7435897436,2013,78,166344,13006,-60.2497954240102,-3.30628376898618,0.00046890780551147,0.000302235173035517
0.655296107,4.908563328,93.81673086,0.859304851,41.11020878,4.893957443,10.48384884,75.5391679421,2013,1918,2242712,13007,-60.5444329766787,-6.68304796677017,0.000855214579491259,0.000740058899734666
1.359322418,9.20050398,47.65379816,0.886108676,55.57789907,37.74024024,10.4288499,50,2013,28,59977,13008,-68.7108626211151,-5.97852530364941,0.000466845624155926,0.00035589106819336
0.640017892,9.758551308,60.9832464,1.141540994,67.23815461,30.63258905,8.40687899,59.2039800995,2013,97,165918,13009,-67.5567791987594,-1.86797931340383,0.000584626140623682,0.000448120623091927
5.002884457,8.04621121,57.0669194,1.239283362,73.76745961,35.57395953,7.824594627,45.2145214521,2013,119,262719,13010,-58.5614995001586,-3.14843769287629,0.0004529554390813,0.000320836683132211
5.985901062,27.76636629,58.63355056,1.134660409,71.10207284,39.8761549,8.986358353,46,2013,20,51941,13011,-63.2206725824278,-4.12235223843046,0.000385052270845767,0.000316194559786991
7.64428333,29.40647482,59.7085563,1.069121526,70.59885081,42.57862055,6.897341888,54.7945205479,2013,31,74737,13012,-68.1455061555745,-8.10890906823312,0.000414787856081994,0.000339266937601962
6.279012212,16.29878895,54.2987873,1.105599204,65.44075289,42.30250896,8.442431181,40.5882352941,2013,67,181887,13013,-69.6979534058312,-4.759301693105,0.000368360575522165,0.000385848460398519
8.390401877,8.206570892,89.95104845,0.797905682,38.37150736,6.075712543,7.358698227,64.1089108911,2013,107,347279,14001,-60.4959323485675,0.318277131651132,0.000308109617915279,0.000448791517614689
44.71062619,17.07399434,22.33633776,1.353582541,57.66587112,48.46559707,9.245283019,53.8461538462,2013,14,45799,14002,-60.2495402963454,3.40396619599689,0.000305683530208083,0.00040300820852159
6.188225183,18.24739612,57.11454901,0.94739038,53.79554656,32.51801289,8.424441612,40,2013,14,45348,14003,-61.7495014751562,1.47919422375484,0.000308723648231455,0.000280525142235116
2.835859906,13.32681974,50.54669803,0.842478587,56.25716806,31.09534522,6.860729959,68.75,2013,18,49646,14004,-62.2234462980585,3.4860616121963,0.000362566974177174,0.000272620714206547
2.092883221,10.84206629,53.12386419,1.171584254,70.29388099,31.45797512,7.813914825,46.4788732394,2013,57,193769,15001,-49.9226578045601,-4.54509238502148,0.000294164701268005,0.000295850198144313
0.639185343,10.37482105,60.78617527,0.956100121,62.77746643,27.27702614,7.956556032,43.2098765432,2013,138,499965,15002,-48.6825489438201,-2.57331291148418,0.000276019321352495,0.000267934706217845
1.213556312,17.41492639,51.12919935,1.237581781,65.28843996,36.65421635,8.156437931,56.0975609756,2013,18,70403,15003,-51.9518831204717,-7.4381954953266,0.000255670923114072,0.000307629130734202
0.016165535,28.96888562,38.94816252,1.675060883,77.88346645,57.85149385,9.060787245,54.2857142857,2013,23,139347,15004,-54.6547047252305,-1.87149017708976,0.000165055580672709,0.000160844197131389
0.039683706,24.89057218,42.31164937,1.499051705,75.79084748,55.58191744,7.924277751,63.28125,2013,45,214867,15005,-47.7765449224519,-0.819896344051304,0.000209431881117156,0.000158934453107533
0.040525525,13.90592642,48.6907641,1.155836016,71.62642255,38.54480923,8.836839415,43.4343434343,2013,36,162836,15006,-49.5923159993611,-7.10067438183369,0.000221081333366086,0.00027614753960745
0.161463789,3.754233374,94.76295305,0.777849187,40.3013377,2.661755778,10.68357178,62.4945738677,2013,1942,2222335,15007,-51.0158936045642,-2.13530529053181,0.00087385565182567,0.000503026450210508
0.082028059,9.219134649,75.2892167,0.823821942,57.50872828,14.65724772,8.974411801,52.508361204,2013,169,314158,15008,-50.1595030816631,-6.38405311299633,0.000537945874368948,0.000361213229677838
0.059479012,11.41648049,53.2252191,0.922544618,67.27691113,15.43200749,6.932256932,37.1165644172,2013,117,256020,15009,-48.0515115111128,-3.84793499752322,0.000456995547222873,0.000262368089836662
0.081250898,17.97179397,56.30765613,0.878767078,69.3704302,25.78283337,7.573189361,36.3420427553,2013,158,397869,15010,-56.8793935516248,-0.104452760369033,0.000397115633537672,0.000258309555787519
0.038646062,13.74472489,49.50903495,1.246343048,74.00576435,42.66705076,7.309061537,75.5555555556,2013,142,460628,15011,-49.6610215278814,-5.64148273123267,0.00030827479006921,0.000269705772777379
0.233643235,17.39844337,49.7698336,1.117831845,68.50080108,36.63171794,9.384440383,55,2013,73,308695,15012,-56.4234728663554,-6.45248571774687,0.000236479372843745,0.000370627476909215
0.237253657,22.50068685,38.31865168,0.970897205,74.23657334,39.25540868,5.860432222,49.1150442478,2013,83,450804,15013,-47.1890032186994,-2.07440279214064,0.000184115491433084,0.000187131485609541
4.245195222,15.34141,56.05853072,0.884188895,56.77665894,32.75117977,6.477703557,34.2741935484,2013,73,243031,15014,-50.3744026719005,-0.8876769832372,0.000300373203418494,0.000185805024045966
1.875273843,16.20522624,58.56287425,0.811619783,54.69351026,38.91816294,5.465687828,56.880733945,2013,68,287193,15015,-50.193996488002,-8.70188611490172,0.000236774573196422,0.000197679158360322
0.52965071,16.84462005,67.98471249,0.840791391,62.00124841,27.62823323,9.747115346,60.4651162791,2013,88,350813,15016,-48.0311731032035,-1.38433555348913,0.000250845892255988,0.000283706769254181
0.678867093,16.82173258,71.07964529,0.829550943,59.87976297,19.36936317,10.85773649,67.4641148325,2013,72,316737,15017,-49.5320582023141,-2.36570256410987,0.000227317932543404,0.000336107936500807
2.544411436,12.85335537,57.68735793,0.802832391,50.58523116,36.20559868,7.418384629,57.4257425743,2013,40,187552,15018,-47.0732011105856,-1.14910933406776,0.000213274185292612,0.00017796705930997
0.511035952,10.93104978,75.61963598,0.775363759,45.6088843,17.04848931,10.32037285,54.7244094488,2013,77,283946,15019,-48.4939626655269,-1.36137211316836,0.000271178322638812,0.000250668005588451
0.189993889,13.1479622,74.79086625,0.78682536,50.54422996,19.08921706,9.036023176,66.6666666667,2013,109,304066,15020,-49.364478005612,-0.523034325630787,0.000358474804812113,0.000254036956923749
0.503848463,14.53022863,75.98995578,0.691051608,50.6051672,22.91904905,7.678847666,57.2222222222,2013,31,187783,15021,-53.3584108008835,-5.66800403868921,0.000165084166298334,0.00030461307288831
0.258991543,15.53263727,56.47917825,0.731634041,58.75002774,40.66872119,11.96196745,54.2372881356,2013,20,146912,15022,-53.6340250165028,-0.191710635744456,0.000136135918100632,0.000188194886559209
18.92642922,10.23295852,71.70354807,1.06502361,49.3102253,21.32384962,8.935268221,43.3333333333,2013,17,32779,16001,-51.7113562824226,2.8342644579527,0.000518624729247384,0.000313004986840061
0.040941658,14.0387887,62.87001024,1.129979359,65.69240902,30.7037037,10.75041167,80,2013,3,27052,16002,-52.8557324726391,0.655361711376273,0.00011089753068165,0.000316001934278728
0.311613175,7.424558944,93.01580036,0.890992066,45.52095298,5.094156657,11.85831665,70.3703703704,2013,142,598870,16003,-51.6857447582593,0.988555110447935,0.000237113229916342,0.000479094141689068
0.159937754,14.25608885,81.37805827,1.078095405,61.22143832,17.5959809,10.93051918,42.2535211268,2013,22,76295,16004,-50.8769641546233,1.57995378399117,0.000288354413788584,0.000311501406287715
1.033778588,21.38664296,66.12669135,0.725457546,64.51604663,18.21081912,8.717875703,44,2013,22,207214,17001,-49.8585125034817,-11.3617554924533,0.000106170432499735,0.000284284117357367
0.275558203,12.58427302,83.5185338,0.645553413,45.00573639,13.04167869,6.787239185,78.4090909091,2013,38,298783,17002,-48.1467471131354,-10.1120041639631,0.000127182604097288,0.000242005221943252
0.194668747,15.12577077,70.02171576,0.594059948,50.36395857,23.84593798,6.13762159,30.4347826087,2013,12,147591,17003,-49.0026304839933,-9.11878121015153,8.13057706770738e-05,0.000169970329577518
3.068912605,11.40017573,79.06329201,0.571845482,43.16735175,17.70904926,7.1917999,40.9090909091,2013,20,122527,17004,-47.1656250000366,-9.53197341593414,0.000163229329045843,0.000170549020892502
0.201870031,10.00687893,84.70962053,0.556154313,37.98181858,13.56331691,6.702247613,52.9411764706,2013,12,144769,17005,-48.8449838510378,-11.9699369927054,8.28906741084072e-05,0.000172684171560842
1.099050876,6.136612791,91.4052239,0.621192844,32.33073532,6.815247173,6.359332827,54.0983606557,2013,56,358276,17006,-47.3425412806214,-12.1463450795668,0.000156304078419989,0.000191876399710621
3.612095933,21.18011637,56.63816475,0.750866753,63.45590083,34.48128113,7.564043629,55.5555555556,2013,12,76288,17007,-47.8995400026834,-6.03200887241816,0.000157298657718121,0.000219703025296251
0.06180679,19.23498733,71.18872238,0.598216618,56.84787979,26.57068063,10.02187227,55.1020408163,2013,16,122716,17008,-48.4465153176458,-7.34318106078121,0.00013038234623032,0.000236471828077921
0.07510245,21.08148557,47.61549723,0.783127958,74.06212997,34.97019107,5.836716828,25.7425742574,2013,35,186262,21001,-44.0031749327347,-2.92537898021364,0.00018790735630456,0.000188929657598747
0.160845623,5.19078126,83.37982021,0.70393166,42.70568053,5.15493995,11.7296108,36.3539445629,2013,695,1366266,21002,-44.2333448529728,-5.35285802942849,0.000508685717129754,0.000382950160404246
0.09243807,21.92016999,42.58479177,0.90492854,70.75357327,40.39963621,9.837973487,54.5454545455,2013,38,168740,21003,-47.1251836761184,-6.93944117451672,0.000225198530283276,0.00023502189271385
0.027241771,26.59378221,36.21566402,0.91643159,71.80190142,52.46211114,5.79846912,57.4468085106,2013,25,186318,21004,-45.9978576881303,-3.96687101688046,0.000134179199003854,0.000169614738932698
0.054414197,22.89171725,44.24441368,0.840406948,71.09315152,41.02425758,6.5600562,52.4822695035,2013,149,581920,21005,-44.8239627757538,-4.40111858919598,0.000256048941435249,0.0001919405607732
0.031790769,28.50068993,56.31141668,0.871804583,74.30941329,39.02212499,9.166019125,45.7943925234,2013,41,223241,21006,-44.7766866970633,-2.16721406690252,0.000183658019808189,0.000234749556134373
0.591491723,24.81937683,57.89129366,0.913607861,73.81612696,38.66687727,8.074276068,40.1041666667,2013,48,230990,21007,-43.0353527625571,-2.76021448766561,0.000207801203515304,0.000257094344787743
0.569331108,28.11515014,55.43543853,0.79958331,68.46885401,24.71427805,7.529920528,53.4274193548,2013,191,642579,21008,-44.1238760637466,-3.59065849217863,0.000297239716828592,0.000257653585953572
1.215631207,17.27397631,76.00773375,0.700855292,55.46329546,10.21015461,8.574439588,52.3195876289,2013,113,580283,21009,-47.1746411461435,-5.13163357883421,0.000194732570142499,0.000277527552970085
0.064324135,27.78590477,61.10962775,0.720867903,66.69035111,22.93087627,7.476146487,40.1515151515,2013,123,415203,21010,-46.075702189657,-2.33731561914139,0.000296240634099465,0.000211703723676018
6.086418685,27.76953511,47.04379901,0.790888483,66.50370289,26.72167649,7.043579326,32.0388349515,2013,80,320723,21011,-46.3135233576005,-8.47618326818682,0.000249436429566947,0.000209318585960574
0.067007287,28.25508027,57.81315437,0.684585311,67.18550744,13.86037984,5.204628272,23.3644859813,2013,34,194017,21012,-43.2683217119969,-4.36868515256178,0.000175242375668112,0.000170108066054498
0.035970964,32.50043137,37.35512694,0.808323467,73.21708252,40.63287595,8.054552942,30.612244898,2013,21,139621,21013,-44.0118940624767,-4.39729490937532,0.000150407173705961,0.000189699524395306
0.050949619,28.84914847,55.20891618,0.809396869,71.8075597,44.93522371,7.491610342,67.3913043478,2013,30,234229,21014,-43.2515762392851,-3.64276955017774,0.000128079785167507,0.000219964910066256
0.050329602,32.08176421,65.96167382,0.793851654,70.6633359,23.98396649,8.404530332,58.0508474576,2013,108,269763,21015,-44.1314797114091,-6.38470774305564,0.000400351419579409,0.000273413886394488
0.036673696,32.02392017,69.83703126,0.836694016,71.39561575,28.27026764,10.49248162,30.985915493,2013,28,90137,21016,-45.3557186632415,-7.13136181183804,0.00031063825066288,0.000277681628188587
0.091754799,24.78531815,73.13770185,0.72711245,64.55718758,19.08394089,7.148291866,68.0250783699,2013,111,428592,21017,-43.3972545939897,-5.24978993140483,0.000258987568596707,0.000287354498691109
0.120379482,29.054861,60.83415338,0.669936662,67.06500819,26.71837291,6.4314118,22.2222222222,2013,29,214158,21018,-42.4600229351935,-3.17446631470224,0.000135414040101234,0.000188984253949307
0.170105156,16.66144078,70.23887494,0.718324671,54.4036282,20.64093124,6.099525744,48.4848484848,2013,21,114767,21019,-45.1023369191897,-3.03889744330509,0.000182979427884322,0.000206265141933168
0.125742764,15.39497717,74.04945371,0.716797506,55.73842457,21.74372603,7.284768212,35.6164383562,2013,31,136434,21020,-45.6635753404265,-5.79246906540514,0.000227216089830981,0.000226987363835644
0.029396202,22.55449972,59.32153566,0.699636711,67.48338809,35.32838039,8.265378479,27.2727272727,2013,3,70058,21021,-44.2215045351555,-2.59750202509164,4.28216620514431e-05,0.000191491420561966
0.033093281,32.72787191,49.4249663,0.671636142,69.22109711,31.85427974,4.76290713,14.4827586207,2013,56,335771,22001,-41.6659986708039,-6.28890735263339,0.000166780335407167,0.000125337315941297
0.071826062,24.81296363,70.46861564,0.656657665,64.91765391,24.08194043,8.204303925,22.9681978799,2013,79,311181,22002,-42.6025064832222,-5.06796137961831,0.000253871541000254,0.000227938597433583
0.137202078,12.36473735,87.08899421,0.612961838,46.13753056,7.350078133,9.166944831,65.0236326806,2013,322,1025138,22003,-42.8767261345766,-8.80555510727016,0.000314104052332466,0.000281446906152114
0.021325154,30.35391501,51.97620657,0.629819552,67.78611095,28.69041496,7.050013941,21.8181818182,2013,49,223416,22004,-40.877619833991,-6.89908644643401,0.000219321803272818,0.000172622316619931
0.041287876,28.95100289,62.97853795,0.595082085,65.59607723,19.19605345,8.162765318,24.2424242424,2013,23,132435,22005,-41.8827508978421,-6.99255193436306,0.000173670102314343,0.000185540477422032
0.026916865,31.56544827,59.59682381,0.543966735,64.79869004,19.45056028,7.453771037,18.75,2013,18,105074,22006,-42.6643483854742,-6.1588629354565,0.000171307840188819,0.000148415845617069
0.032105674,20.30553787,68.76347292,0.665113086,57.03959484,26.29798903,9.149615934,17.3913043478,2013,11,45011,22007,-41.623113628378,-3.49530555423755,0.000244384705960765,0.000218071115303779
0.122898437,24.6872025,72.82961361,0.545072594,61.54074074,17.78520538,10.21432155,41.1764705882,2013,5,41314,22008,-43.0936068172128,-7.33338605126978,0.00012102435009924,0.000212283535646324
0.222141776,20.90655463,71.00473902,0.565900327,56.1477817,20.97902098,7.061421835,57.4468085106,2013,12,122772,22009,-44.561149609128,-10.2135200509967,9.77421561919656e-05,0.000147711362930901
0.137381352,23.08097693,56.69194786,0.651389046,64.78757611,23.61299665,7.53704037,22.2222222222,2013,14,90379,22010,-41.5951413272189,-5.19596697263466,0.000154903240797088,0.000206084745337786
0.06512633,28.46073641,44.08016459,0.642986608,65.28959363,47.66912944,6.714593557,24.4444444444,2013,21,138248,22011,-43.9727681319631,-7.6532379650006,0.000151900931659047,0.000106144296139566
0.050857309,21.37438095,53.43771191,0.642145515,67.12833483,41.77891314,9.08464533,33.3333333333,2013,10,84144,22012,-42.2422894337266,-4.03646060201094,0.00011884388667047,0.000186112881112392
0.091170032,25.56103195,58.18251038,0.563028116,59.60448565,14.20076159,6.804791047,22.2222222222,2013,48,203273,22013,-45.1015708431421,-8.28818486393713,0.000236135640247352,0.000124594289320007
0.043230157,33.74883504,42.38111707,0.624481069,64.9442334,39.79998809,5.341957662,11.1111111111,2013,8,59065,22014,-44.7179937138923,-9.24725014254406,0.00013544400237027,7.07758652044383e-05
0.124075163,32.21956534,40.05833442,0.646705742,69.50193566,44.73962991,6.787339268,14.2857142857,2013,40,266945,22015,-41.5803879492056,-7.95730008939157,0.000149843600741726,0.000106021965800701
0.705751305,29.33509132,53.98928211,0.748990442,73.7195297,29.75977442,6.655861054,31.2903225806,2013,114,374258,23001,-40.8513491338069,-4.53626366847507,0.000304602707223359,0.0002496893767766
0.055214932,27.54622254,50.36888994,0.632364658,71.24219867,26.65700741,4.402631844,32.9479768786,2013,60,306828,23002,-39.5383810317923,-6.64590819296347,0.00019554929797802,0.000173412905310321
0.012522809,35.23199271,59.27582382,0.70369204,72.99899591,30.15500847,6.879361914,36.3636363636,2013,13,57796,23003,-39.479998153642,-3.6748345692006,0.00022492906083466,0.00024064051675205
0.053139307,23.28173375,44.42446043,0.696258886,66.59956452,43.08443604,3.822000866,21.0526315789,2013,8,25548,23004,-40.208420819163,-3.73566973679138,0.000313136057617035,0.000120823434937408
0.058554159,23.20761485,73.88248207,0.68674386,62.84628207,14.26995578,7.798755704,35.9322033898,2013,211,397363,23005,-39.4830169698125,-5.80555080655405,0.000531000621597884,0.00028935749080816
0.899412762,29.76392516,58.28500324,0.606718469,71.14095428,21.54522775,6.703448276,28.2442748092,2013,45,139413,23006,-39.3025898244868,-5.0597166598796,0.000322781950033354,0.000219946706809259
0.019433648,28.53275998,53.73264853,0.58568023,72.40553893,36.37353931,6.422317247,33.3333333333,2013,13,73458,23007,-40.2725131955454,-6.25435276651493,0.000176971875085083,0.000169317149812051
0.215268069,23.43238671,49.16819451,0.704279902,73.79166727,43.64923911,7.751752608,28.3950617284,2013,45,217008,23008,-40.5210640371399,-5.23360995915334,0.000207365627073656,0.00019858223956902
0.111777355,20.12698579,59.26189055,0.693188181,65.9015863,23.46854018,6.988637678,32.2580645161,2013,37,110579,23009,-38.3317331111068,-5.86487306410678,0.000334602410946021,0.000250416602402738
0.041450777,24.87156702,64.20725389,0.768220416,72.76551936,18.68407272,9.817727708,36.5517241379,2013,47,105552,23010,-40.1178219757808,-4.39493024792652,0.000445278156737911,0.000358868371220979
0.020070364,25.81571691,53.25730207,0.670105473,71.46512509,23.7793032,8.452679019,56.8181818182,2013,32,88176,23011,-38.4856642784529,-4.15248493152039,0.000362910542551261,0.000289515257993068
0.040097839,26.60621087,58.91174466,0.673316142,71.72022684,29.85445725,9.341600083,55.0561797753,2013,34,129053,23012,-40.4961932865644,-3.58525008681631,0.000263457649182894,0.000288940660545412
0.207014972,25.05531096,51.61198868,0.676867005,69.87043935,25.98695981,6.202019606,26.6055045872,2013,39,192546,23013,-38.6978751134495,-5.71496858967134,0.000202549001277617,0.000217792867503529
0.036802944,28.85790347,43.4562765,0.610001953,69.90638899,33.00320747,8.312176775,22.641509434,2013,12,64387,23014,-39.3145803085494,-3.90009398719622,0.00018637302561076,0.000193087111775301
0.055167889,23.88014981,66.38635415,0.658394969,65.38012746,31.71433805,7.538503107,52.5252525253,2013,34,140101,23015,-40.6000143200826,-3.09906193228233,0.00024268206508162,0.000245269070707156
0.276714118,8.576931261,97.46024603,0.624038729,43.75881152,1.689780198,7.935119378,52.2162755592,2013,1924,3501448,23016,-37.6724441910355,-4.66746564539431,0.000549486955111143,0.000490865653829446
0.052980132,17.03343109,86.92501602,0.649673114,56.385375,10.69957611,9.316568725,49.2957746479,2013,56,127094,23017,-38.8882668837049,-6.75264702430574,0.000440618754622563,0.000355893503493977
1.25127745,29.44544533,58.36885266,0.599788759,68.28964471,27.54182572,8.045977011,33.6787564767,2013,58,245203,23018,-39.597082441293,-3.33224077194657,0.000236538704665114,0.000232992993454534
0.107451337,26.77793526,57.6412553,0.635094288,68.19671017,25.64328277,7.161959833,48.3516483516,2013,54,276305,23019,-38.9969505953544,-6.36645231732854,0.000195436202746964,0.000234501175867963
0.047463457,30.85244605,49.09922614,0.638653518,72.13744671,31.40013561,7.06496311,36.5079365079,2013,17,148769,23020,-41.0318002869086,-3.91407769443154,0.000114271118310938,0.000210079720192349
0.019768115,31.126818,50.9870266,0.632529874,68.88143816,32.2985887,5.909560032,46.7153284672,2013,39,222214,23021,-38.6789273691066,-3.89861435382283,0.000175506493740268,0.000189472969025788
0.07476022,22.59839853,58.0841326,0.644765911,64.15459203,15.40859497,9.6923844,40.6779661017,2013,22,114048,23022,-40.7117369366018,-3.50492764067503,0.000192901234567901,0.000269436819197145
0.033495601,23.97769595,58.75256002,0.596627652,60.62329201,15.50165971,7.710094269,48.5549132948,2013,56,323140,23023,-38.5218703119768,-4.44101513796298,0.000173299498669307,0.000224049497276898
0.028721418,26.488191,62.14836208,0.585584767,66.82230994,21.21563432,6.343128278,19.0476190476,2013,8,63615,23024,-40.1215645288565,-7.06494771452448,0.00012575650396919,0.000170495525026506
0.049475792,28.90296702,50.44881611,0.632665932,68.15057979,26.59289068,6.576250753,14.2857142857,2013,3,43393,23025,-38.1812827963083,-4.33679095871838,6.9135574862305e-05,0.000169850821686739
0.04262632,28.00545472,63.35662076,0.647015846,61.87275018,15.88929303,5.970216353,38.5135135135,2013,49,228445,23026,-39.4005849903719,-6.96914498595325,0.000214493641795618,0.000200054860189024
0.010341048,30.76344281,55.81994168,0.625061511,69.03606965,28.5991737,5.983245689,34.8837209302,2013,13,98938,23027,-39.4255578499171,-7.31133564374533,0.000131395419353535,0.000186514699183078
0.012352215,28.47141742,57.32662785,0.658471459,68.51432213,31.98054984,7.353830922,8.8235294118,2013,19,57516,23028,-39.3915587020206,-4.37498071227458,0.000330342861116907,0.000163351264411104
0.052430137,32.93683959,58.45226236,0.662246802,72.96526916,32.78240055,5.514297909,47.8260869565,2013,12,97815,23029,-38.9597265853821,-7.49337249666326,0.000122680570464653,0.000187061328512281
0.200404325,30.22907143,51.38261405,0.668869269,70.93895226,23.14149444,6.838398814,29.6296296296,2013,12,57601,23030,-38.84547381486,-4.4162602798787,0.000208329716497977,0.000232832466359949
0.057573074,27.52907416,53.44331267,0.675352675,73.38698934,32.83395755,7.140592301,30.6666666667,2013,18,92460,23031,-38.8208578493416,-7.1881979774416,0.000194678780012979,0.000213000087810888
0.119257347,18.36977387,80.16377759,0.680917583,59.95213635,11.48282839,8.664887507,40.7942238267,2013,167,555282,23032,-38.1822959540083,-5.0839287543043,0.000300748088358708,0.000340449418122578
0.041044739,25.38701793,57.11325345,0.699813042,67.14340275,24.76662992,8.376526971,61.6438356164,2013,25,103224,23033,-39.0799269441698,-3.53981853327918,0.000242191738355421,0.00029925511791606
0.064626863,15.73040834,85.77036723,0.65598836,43.67489266,5.067535205,10.55436745,15.5172413793,2013,117,358621,24001,-36.901058475795,-5.5824640806438,0.000326249717668514,0.00030927433425113
0.02346543,24.48114901,57.85746822,0.636859409,62.50536548,24.23188682,10.27366219,7.4074074074,2013,12,75370,24002,-37.8026244791631,-6.10708213933655,0.000159214541594799,0.000180490939268937
0.040982557,29.01997438,62.65720653,0.670540518,65.8157888,26.34208375,7.664609053,17.8571428571,2013,8,40830,24003,-38.3974023590042,-6.2467119527736,0.000195934361988734,0.000204378661321676
0.064041442,25.06626495,66.73047092,0.642203242,58.87873161,7.144830357,11.24657171,3.8961038961,2013,23,149243,24004,-36.6061805724985,-6.00162926097318,0.000154111080586694,0.000204984539189047
0.012747988,28.68508481,56.71739304,0.620915624,68.23749222,12.38425926,8.926692389,10,2013,7,65893,24005,-36.6556915844409,-6.50210383209877,0.00010623283201554,0.00017208325397604
0.034130589,25.70229403,71.10101779,0.625826566,59.99648614,13.59516616,9.37910985,19.5652173913,2013,20,118488,24006,-37.167715938491,-6.4892545387569,0.000168793464317062,0.000218048201583771
0.029237966,26.82877365,69.80487505,0.575327021,63.31120716,15.86459192,8.655510675,4.5454545455,2013,8,67347,24007,-38.0898771865516,-6.14685129289319,0.000118787770798996,0.000160570601709912
0.079987811,21.59032291,65.78616592,0.628514971,53.23003348,4.470254575,11.94357068,27.9069767442,2013,20,56341,24008,-35.2424119193583,-5.7953940230794,0.000354981274737758,0.000303832402205696
0.029237486,27.62823369,67.08638703,0.623842166,64.06988372,19.96207066,10.30720643,10,2013,8,53073,24009,-37.3108306447584,-5.12560626082094,0.000150735779021348,0.000197392095971712
0.01950395,26.56352004,51.36852713,0.59727273,66.04240225,19.09776167,7.452332657,0,2013,6,63750,24010,-37.293380665004,-5.81131913487865,9.41176470588235e-05,0.000127351204415569
0.026617527,18.66814095,85.71253071,0.584796327,46.02675627,8.7655908,6.054386865,15.0943396226,2013,22,102989,24011,-36.314197482262,-5.17847187230509,0.000213615046267077,0.000182618990802705
0.037869862,18.22185971,83.45676103,0.545655673,52.68294333,10.18092523,6.277834206,21.0526315789,2013,26,123824,24012,-35.352262411465,-5.83303408392754,0.000209975449024422,0.000185352065296105
0.519583697,28.62292718,62.33733217,0.68032857,67.58950642,13.28624079,10.9181806,40.625,2013,15,66512,24013,-35.6194626655419,-5.3380302302205,0.000225523213856146,0.000276795279027942
0.038052034,27.9992264,67.038731,0.624670913,65.57860172,21.1374332,8.389254773,21.4285714286,2013,21,140876,24014,-37.6741243841894,-5.59539392377467,0.000149067264828644,0.000220969462663615
0.038295002,31.03934786,56.34065145,0.6385607,67.18025783,15.83464319,9.02495752,15.503875969,2013,45,243586,24015,-35.9933009727756,-6.1799424451246,0.00018473968126247,0.00017794128894106
0.071394574,28.68828513,33.23536411,0.698009449,71.34344788,16.5332959,8.47698826,7.1428571429,2013,18,89092,24016,-35.9142645161359,-5.46461520905619,0.000202038342387644,0.000167842720050693
0.075129139,20.21660477,62.26232187,0.663263979,58.01891062,8.14100356,11.4814361,20.2127659574,2013,104,310767,24017,-36.3310072079142,-5.59609577705802,0.000334655867579247,0.000264623086543304
0.109433391,8.445649364,99.14626432,0.57091153,33.7328583,0.365139739,9.897567247,53.9239287434,2013,500,1110019,24018,-35.5847905142979,-6.08739130399448,0.000450442740169312,0.000439311398670033
0.141001108,27.11754916,66.2805922,0.70295744,64.77134858,5.417593829,12.44256691,13.4831460674,2013,30,137338,24019,-35.7409522754416,-7.60857638669578,0.00021843917925119,0.000298947308807529
0.024987937,30.34877191,70.14027711,0.687330559,62.72608647,20.77725645,6.357340423,25.8064516129,2013,22,120306,25001,-37.9383224166277,-6.77401027262328,0.000182867022426147,0.000213870548972585
0.02738568,24.84173968,61.10876282,0.639983297,59.17744983,27.76002987,6.521577988,22.5806451613,2013,31,173641,25002,-37.7373885231522,-7.50497818282366,0.000178529264401841,0.000172154839977223
0.086334891,27.50355357,66.77041518,0.666001881,60.91489538,22.05236812,8.026952019,47.1698113208,2013,62,186870,25003,-36.4253916361566,-6.73207518663993,0.000331781452346551,0.000229890543807177
0.079726562,20.58209427,85.62001216,0.614327301,53.66918582,9.570756023,8.097896892,32.2222222222,2013,27,131274,25004,-36.9445520929732,-6.92083762860152,0.000205676676264912,0.000277303527096825
0.014145072,32.78525543,64.17053299,0.667127732,65.17522436,27.98341576,7.636583157,17.2413793103,2013,15,71458,25005,-35.2233560699365,-7.15178251806928,0.00020991351563156,0.000166732413811328
0.022609896,29.79775136,61.91422519,0.656020906,65.20944566,29.88576181,9.364495465,21.2121212121,2013,18,85602,25006,-37.8848479925612,-7.19137715599967,0.000210275460853718,0.000207641757516166
0.019846749,28.98594805,52.95371393,0.62332841,68.1209563,35.62672869,5.454842779,8.5714285714,2013,18,119736,25007,-37.3150740697441,-7.0139886528698,0.000150330727600722,0.000110491747654399
0.056219973,22.64388123,75.1149954,0.564402456,60.31770433,20.0418082,6.393484674,20,2013,6,40395,25008,-35.1382749870761,-6.72833340841744,0.000148533234311177,0.000165231166154958
0.069015914,25.93090319,58.05997618,0.581109754,67.85220151,33.06840761,5.441529014,14.2857142857,2013,5,76955,25009,-34.948007233379,-7.1028738642087,6.49730361899812e-05,0.00011491614376821
0.07570085,25.78272931,62.58156355,0.524944906,64.39992406,31.31254609,5.924202002,10.4166666667,2013,16,125775,25010,-38.349537635938,-7.47086661489451,0.000127211290001988,0.000120946958738916
0.031395203,24.13742228,46.28123823,0.583730858,62.89809919,37.68007683,4.647197533,18.5185185185,2013,8,65654,25011,-35.5064806721142,-7.2870205751085,0.000121850915405002,9.72227947534372e-05
0.017538731,30.35594206,65.16807951,0.577113241,66.63847249,27.5307474,5.607437497,51.2195121951,2013,13,124730,25012,-35.4346602187739,-6.82005988820397,0.000104225126272749,0.000167270566276357
0.041745609,35.79022391,56.00869165,0.619755001,70.27685897,29.77040324,6.361093567,16.6666666667,2013,5,95177,25013,-35.8943601379673,-7.03114809276945,5.25337003687866e-05,0.000140884803508163
0.011194865,26.03880931,63.52339727,0.600094467,63.19889151,27.89089512,7.346403015,5,2013,4,55929,25014,-35.7062354523231,-6.62502225131664,7.15192476175151e-05,0.000127500464887739
0.09013804,33.03227032,53.05610878,0.658043775,68.54292379,33.76168224,7.048867916,16.6666666667,2013,13,117339,25015,-36.1105648065425,-6.84853034830297,0.000110790103887028,0.000144629537677958
0.061883065,29.3500225,72.05858264,0.627595858,62.72690724,16.30245763,8.114135678,52.7777777778,2013,30,169133,25016,-37.5939511206843,-6.35058570837451,0.000177375201764292,0.000250707323727622
0.125728859,14.5105641,83.75233006,0.583995967,48.96268382,7.558634516,9.777264289,70.8971553611,2013,133,521407,25017,-36.3142572035938,-7.54076845325935,0.000255079045735865,0.000340981834050519
0.04974162,34.15076181,60.47475613,0.642459197,66.76885007,27.18645564,8.309239777,17.2413793103,2013,16,110776,25018,-36.8760548854765,-7.71310522889699,0.000144435617823355,0.000176872653056987
0.070396443,35.73804574,36.91552427,0.667214977,71.70063481,58.43276579,4.327115925,11.5384615385,2013,3,54636,25019,-35.9638034663674,-7.28423425385584,5.49088513068307e-05,8.38727546712814e-05
10.10540546,31.05880737,61.58439126,0.673578622,67.47336689,23.04751778,10.74664768,22.7272727273,2013,39,147982,25020,-38.5061901530106,-6.85751780990448,0.000263545566352665,0.000308697613612398
0.058005951,33.21023694,66.15315078,0.690285083,68.24334532,24.56102553,9.855887975,20.8333333333,2013,39,137078,25021,-35.6504532913965,-6.92882154590404,0.000284509549307693,0.000223176017059567
0.297308661,10.79840166,97.22167183,0.572484661,41.05716006,1.275234513,10.13180688,61.7452135493,2013,557,1096284,25022,-35.3392339746287,-8.12378155919631,0.000508080023059718,0.000458979796299997
0.093418259,27.29794934,67.26478617,0.703443621,69.29954928,17.73864443,10.43683891,33.3333333333,2013,35,86284,25023,-36.3043365625444,-8.2808376243162,0.000405637198090028,0.000284475613208257
0.046807653,27.65104882,53.65392242,0.720835692,70.38050658,36.17015977,7.054285412,39.1891891892,2013,53,321819,26001,-37.1200472870896,-8.80031417663918,0.000164688846836265,0.000196347480849143
1.834856723,22.46939889,57.23543316,0.682220604,66.12431456,26.12229378,9.186518204,34.6153846154,2013,34,168165,26002,-35.0865211258306,-8.36022384097761,0.000202182380400202,0.000241147383612063
0.104258383,23.96568037,63.48509073,0.562517948,63.0399296,28.55848171,7.281176787,37.1134020619,2013,65,325564,26003,-37.6045722707899,-8.4106420012461,0.000199653524345444,0.000189492151720028
1.884209338,26.62637283,62.72417622,0.635669192,62.93738054,23.91845786,8.43535551,40.1098901099,2013,51,224139,26004,-39.249368937129,-8.03307200328112,0.000227537376360205,0.000235683021010581
1.115563153,15.83658714,64.37089941,0.680332521,56.74162903,11.0154819,9.400284857,39.3643031785,2013,105,478117,26005,-35.022090326293,-8.04725455576245,0.00021961151768291,0.000252234454045299
11.78806664,21.26528157,57.47623163,0.686889217,65.75369119,28.4875873,8.950415028,27.0588235294,2013,23,141618,26006,-40.2463595660168,-8.70915399700335,0.000162408733353105,0.000272796299244785
2.801957593,37.84534461,47.95213785,0.702231964,73.46859019,40.38979626,6.443036985,32.7868852459,2013,23,188822,26007,-37.8441992216063,-7.82643056058311,0.000121807840188114,0.000171151183820236
1.195652046,23.28458835,78.02788407,0.614462962,54.65282445,12.75309232,7.114012457,58.7933247754,2013,233,897926,26008,-35.5601790046809,-7.88165304320127,0.000259486861946307,0.000229811909270533
0.047492228,22.70979934,74.83240723,0.631521966,50.01760512,16.45789193,3.865374653,20.7446808511,2013,69,295501,26009,-35.1895416926056,-7.64800749290375,0.000233501747879026,0.000124282932437138
0.018959143,29.2393443,56.88611875,0.637740007,63.89877626,27.44205693,8.094513978,16.8888888889,2013,68,258929,26010,-35.4794657284192,-8.63864632573553,0.000262620254973371,0.000161602222864151
0.094545109,29.16961533,62.93198407,0.613337729,65.51980057,25.08175777,6.999955042,29.003021148,2013,87,458884,26011,-38.4660040035275,-8.66918933691977,0.000189590397573243,0.000193182751809755
0.0291141,33.94887452,68.68016082,0.629064918,67.23527175,19.72211023,6.557728166,17.2413793103,2013,41,222423,26012,-34.9607492078936,-7.79639965533943,0.000184333454723657,0.000160119217350449
0.069992982,22.84364152,77.70228905,0.642665264,62.93010159,9.735081616,13.30590616,24.0631163708,2013,183,555390,26013,-36.5334181347247,-8.98785861047785,0.000329498190460757,0.000335173985967627
0.05844698,24.61932245,77.99007329,0.641117833,61.76385654,15.5548643,11.37638705,62.7705627706,2013,81,224631,26014,-35.9173728013027,-8.5195397853554,0.000360591369846548,0.000317846135377273
0.067585689,26.27266018,70.66369862,0.728949219,68.49414808,19.08712269,14.97065988,27.9816513761,2013,240,584446,26015,-40.1579519749682,-7.8105704584807,0.000410645294860432,0.000380849740642501
0.071157209,15.99252913,87.14466622,0.658123893,58.6725515,7.945477289,16.57513579,62.0448179272,2013,187,177798,26016,-36.0145190781485,-7.87494181189336,0.00105175536282748,0.000559720022639646
0.23973207,8.110045933,98.71456603,0.57497815,41.30074785,1.351881591,13.21311254,55.900158331,2013,2633,3397463,26017,-36.9311300883257,-9.94826330025111,0.000774990044041686,0.000556382072717863
0.134381281,15.23572769,85.63588319,0.676663398,52.92987948,6.518337797,16.09419955,60.9336609337,2013,142,284078,26018,-36.1144072918965,-9.15897413422966,0.000499862713761713,0.000548111780732817
4.477745371,36.83306988,28.83994323,0.697599461,74.10976732,47.65976397,3.330930969,35.2941176471,2013,12,92964,27001,-37.754237916822,-9.16255468862805,0.000129082225377565,0.000116577189518528
0.256178421,26.51227352,65.38828612,0.68603187,62.17816521,8.828418103,10.06564551,44.6808510638,2013,11,84669,27002,-36.2278440707252,-9.90670853696473,0.000129917679434031,0.000289272308065281
0.097530778,32.538001,47.08283692,0.721932821,73.46756782,34.05558498,6.202605483,25.9259259259,2013,25,178863,27003,-37.3921045769789,-9.4390871314836,0.000139771780636577,0.000176115598446571
0.082322357,33.60430627,52.10680243,0.687972355,73.15458964,23.74968898,7.889380016,29.2682926829,2013,18,96367,27004,-36.5344196627068,-10.2182714812314,0.00018678593294385,0.000221041766496625
0.990709599,31.49430916,55.09544502,0.618977732,65.61024988,29.18678501,7.160605376,21.3114754098,2013,35,181875,27005,-36.6168115079266,-9.43599007999331,0.000192439862542955,0.000162727563380273
0.313049236,29.51400561,59.02755125,0.699707273,64.44571283,22.34704222,7.270906722,76.0115606936,2013,105,434661,27006,-35.7859441698764,-9.19724183695572,0.000241567566448336,0.000255639900137137
0.230088022,41.13665492,33.210263,0.788836712,73.46087612,49.19644745,4.029888339,20,2013,1,39653,27007,-35.8124739318982,-9.56543945048992,2.52187728545129e-05,0.000105834949427272
0.120758939,33.37548793,69.91260328,0.698581598,67.78943094,18.90813648,11.44802522,20.9302325581,2013,41,152901,27008,-35.3743516782047,-9.10786143671045,0.000268147363326597,0.000252140139031953
0.588793355,33.22480597,71.44435156,0.791609186,72.69854666,21.233662,12.55816988,31.1740890688,2013,101,316769,27009,-37.130621101295,-9.63485676789308,0.000318844331358182,0.000370259990014146
0.065811122,30.29784016,54.17451913,0.761775338,71.99511437,25.45486151,8.613538081,10,2013,12,70976,27010,-36.6664489160079,-9.78342026052848,0.00016907123534716,0.000195399866031431
0.234508829,13.55750732,97.92545162,0.609740851,45.77610852,1.166851568,12.30226522,46.5707027942,2013,609,1218197,27011,-37.8947870413307,-9.44639809592951,0.000499919142798743,0.000556939798676242
0.13853922,26.97326356,69.7850884,0.736373095,67.82686206,6.497390323,15.51282457,36.398467433,2013,79,302432,27012,-37.9814579143629,-10.9095587644077,0.000261215744365676,0.000477312669547496
1.511818357,28.86253663,56.45674096,0.699991639,66.89958655,11.61211544,11.53528304,25.6756756757,2013,23,130608,27013,-37.5511083535122,-9.96091308608339,0.00017609947323288,0.000272702953570023
0.306693473,30.97691501,47.43824512,0.659515545,71.68027809,14.22961368,7.698549549,12.6984126984,2013,28,165747,28001,-36.7636327607092,-10.2860869460442,0.000168932167701376,0.000170153607037511
0.035031894,31.18449987,57.3340729,0.58493458,60.43060937,15.06969919,6.080837833,15.7894736842,2013,12,72157,28002,-37.1676824681833,-10.37633922519,0.000166304031486897,0.000130154624960438
0.173161549,28.26588706,57.81053902,0.616412892,66.76332813,9.53360026,8.53063217,4.7619047619,2013,12,65884,28003,-36.7879660326908,-10.5128638581338,0.000182138303685265,0.000157844649055992
0.077984628,24.43019518,64.05095828,0.593507749,57.79677185,9.158519261,5.150519611,37.0786516854,2013,43,168667,28004,-37.4070528486934,-11.2325675431693,0.000254940207628048,0.000172461438830226
0.206944125,28.08873034,59.7525868,0.586674484,63.72755681,20.79078047,8.078193717,41.7721518987,2013,30,113834,28005,-37.0880359417036,-10.5315101888943,0.000263541648365163,0.000199420431072371
0.161054557,25.96187383,47.03755897,0.603974542,62.57157913,18.30796092,6.110129272,34.9056603774,2013,31,120267,28006,-37.6113312155878,-10.4441490898208,0.000257759817738864,0.000166726309101909
0.183226543,23.15238315,67.67203546,0.700176602,64.77086066,6.977665135,10.7472298,22.3529411765,2013,22,94413,28007,-37.6993188866009,-11.2716880207125,0.00023301875801002,0.000306827844077138
0.17292912,24.13729809,57.9824936,0.646447908,65.93460959,13.56050609,14.135275,20,2013,6,49763,28008,-37.0750906311298,-10.7487645966116,0.000120571508952435,0.000265439626976702
0.060327965,25.39496324,40.56232976,0.664519323,68.05001478,22.69125774,9.789163667,0,2013,17,57634,28009,-37.1548040434752,-10.9399998735655,0.000294964777735365,0.000149065985971028
0.257631353,16.23310864,76.32133656,0.689030706,60.09537167,6.206268372,20.43825637,8.6956521739,2013,29,95386,28010,-37.7130281386751,-10.9494479977617,0.000304027844757092,0.000458295002311566
0.390875504,8.104426859,97.45242972,0.571849454,38.58478534,1.143664973,11.70659745,69.476744186,2013,319,899239,28011,-37.4407938908496,-10.710511626333,0.000354744400543126,0.000539319221530068
0.106227507,27.74332828,51.58536507,0.637489756,70.23295165,26.16851024,7.165452008,15.2777777778,2013,35,162116,28012,-40.6449453538498,-14.6688750531455,0.000215894791383947,0.000135220525428138
0.104345294,22.0605462,60.77021387,0.653971517,62.9430205,16.55603627,13.32892045,47.2527472527,2013,32,130555,28013,-39.1887449562108,-13.7200542042398,0.000245107425989047,0.000263891453832341
0.13246283,14.68972236,75.52653101,0.64749546,46.54400096,12.76855499,8.703667842,61.8834080717,2013,50,321062,29001,-39.3234735000739,-11.5225491896431,0.000155733160573347,0.000229403507884909
0.107120463,24.98404172,41.62457326,0.600913184,68.58117266,30.75558137,8.192204461,50,2013,22,121912,29002,-40.4545281755525,-10.3530911623261,0.000180458035304154,0.000173858515038682
0.141886928,24.50376822,49.05474143,0.588487737,64.14459242,23.08093785,9.417501013,36.9565217391,2013,32,189564,29003,-41.459307360329,-12.9329858415231,0.000168808423540335,0.000157677960373044
0.358490774,20.19096161,65.21451128,0.694284154,62.46082976,23.50077595,9.482400315,53.4435261708,2013,75,491297,29004,-39.0628533538436,-12.8322147397268,0.000152657150359151,0.000247977145575685
2.428822748,20.11342589,70.18454026,0.622474537,54.99136359,16.03522907,9.879422052,58.2524271845,2013,37,180862,29005,-45.0922095973359,-13.8291734191081,0.000204575864471254,0.000164011380662221
0.415972408,23.32669119,53.48915792,0.698381049,71.6478389,25.52897248,8.906278546,39.8648648649,2013,41,184705,29006,-38.4386636497384,-12.7677414247814,0.000221975582685905,0.000246120151966064
0.214324091,22.43841336,48.45476419,0.666802587,68.96618539,24.8123046,10.15403068,62.3456790123,2013,41,182438,29007,-38.3269854486995,-10.8881029174443,0.000224733882195595,0.000270589545254901
0.137735764,21.73155338,51.78167312,0.637171597,66.87760095,22.57874956,9.425979275,30.0395256917,2013,70,307095,29008,-39.7449167754575,-17.0918653403092,0.000227942493365245,0.000218797597198579
0.102866878,19.00123986,58.66037321,0.614297599,67.73378151,11.09231536,8.012958681,23.8095238095,2013,93,400033,29009,-38.8480754958704,-9.23333325849749,0.000232480820332323,0.000215354275016806
0.203779404,22.20832649,60.85354809,0.585251229,66.1211883,15.3986351,8.985952897,22.8571428571,2013,40,347825,29010,-42.0486695872137,-13.6016575561782,0.000115000359376123,0.000143854222558325
0.183269904,23.49935288,64.24392141,0.611156266,66.32021069,20.63534474,11.13145332,27.2,2013,47,264041,29011,-41.6335688413756,-9.69585700149316,0.000178002658678008,0.000207569489863462
0.17787196,14.96593413,72.65509001,0.603780792,52.25515601,14.28933109,10.26311985,27.251995439,2013,289,1068087,29012,-38.3404369940535,-10.0035491196607,0.000270577209534429,0.000226201837351436
0.126769491,35.82032086,38.2813679,0.662117778,71.56182125,38.53065919,4.540887124,18.75,2013,10,103758,29013,-40.2022604098014,-13.4707399225345,9.63781106035197e-05,9.08019594629386e-05
0.554027768,29.31904955,37.38983165,0.653833528,71.98895865,33.50432908,7.947729576,43.1137724551,2013,51,316859,29014,-40.7668522509562,-11.2525007377991,0.000160954872672072,0.000163979598079991
0.864436904,30.50488512,44.34383584,0.618003262,68.48021379,20.9847756,7.440040353,29.3193717277,2013,66,331015,29015,-40.3587990011216,-15.4854768472279,0.000199386734740118,0.000162585699900873
0.182906992,22.27163367,51.35252371,0.60627317,63.80255233,21.0128217,7.750406136,39.6428571429,2013,108,445298,29016,-40.4547900694398,-12.3715448216559,0.000242534213043849,0.000165263960600492
0.231510003,18.34249423,67.48873253,0.603773755,57.97617226,12.84199842,9.892538061,35.5828220859,2013,57,332440,29017,-41.9860796652106,-11.5449456493779,0.000171459511490795,0.000178490676805302
0.248433226,21.45055111,56.99162079,0.683794944,67.33007003,18.87500809,13.20918655,24.0740740741,2013,15,124892,29018,-39.4298995807199,-14.9640786966788,0.000120103769656984,0.000255532812329275
0.15042203,12.2574917,79.14462206,0.624692185,52.10581389,8.536605131,17.03125516,25,2013,81,229226,29019,-42.8980562869939,-14.2447302083393,0.000353363056546814,0.000272523180367499
0.160042085,16.96754181,65.8347195,0.602914451,59.26627867,22.22136867,11.27976779,25.2927400468,2013,146,579220,29020,-39.3574818057018,-12.2583379925078,0.000252063119367425,0.000210148845866733
0.279161538,4.735356374,98.73548931,0.582988745,36.72725259,0.503204285,13.35778135,57.4033284386,2013,2074,3758256,29021,-39.2350922964374,-10.4832271503515,0.000551851709942058,0.000538199032923587
0.065635706,24.80274541,34.32267153,0.576134143,66.26342215,25.78514678,8.596182292,30.5882352941,2013,21,197866,29022,-37.8458392121317,-11.9060364765152,0.000106132433060758,0.00018632411981275
0.141625228,20.58241169,51.72074652,0.602818027,65.57925372,18.51793693,8.033017732,37.3831775701,2013,40,269630,29023,-44.2443412922429,-11.6442484518113,0.000148351444572192,0.000140466640621022
0.155909072,23.15019308,68.74860795,0.595755656,62.65137637,19.75101893,9.555140523,34.4410876133,2013,113,537105,29024,-38.3198747525669,-12.4128831846789,0.00021038716824457,0.000221408739298126
0.050088933,22.97557286,40.97376975,0.562198563,61.38578316,26.39017609,6.92125272,31.25,2013,10,102995,29025,-41.6280659020589,-14.5021572410995,9.70920918491189e-05,0.000123025104102393
0.118477351,22.20512511,53.06385121,0.575450835,61.29754338,26.49885858,6.986426945,25.4901960784,2013,27,401741,29026,-42.5537368422349,-12.6437037740837,6.72074794457125e-05,0.000114787624834849
0.059329576,25.15779882,44.45777006,0.539531443,62.7391066,40.41022828,7.647685688,26.6666666667,2013,31,245277,29027,-43.5393981377276,-13.3780559348946,0.000126387716744742,8.33531453862696e-05
0.124759296,21.16188386,70.96729934,0.581606758,56.95207956,20.70874546,9.319620941,57.1782178218,2013,127,664905,29028,-45.5049426573246,-11.95449092367,0.000191004729999022,0.000158027065011066
0.193057998,22.48478388,78.99811996,0.620018461,56.10391192,12.31062292,8.576942074,28.5,2013,55,207788,29029,-43.139000163,-11.1680666535162,0.000264692860030416,0.000170604251173387
0.175541919,22.79050736,53.31192887,0.690694226,64.99632471,28.30031451,7.959258097,31.906614786,2013,81,284635,29030,-38.3136840652206,-11.7708908301311,0.000284574981994484,0.00020649600130634
0.957534571,19.68944761,78.71281017,0.645108923,56.96199036,13.68903154,12.45654572,40.503875969,2013,477,1060853,29031,-43.0460326608325,-20.7705576206492,0.000449638168530418,0.000320139233776653
2.038842554,18.36279828,78.77782098,0.625485829,52.6075687,11.33515417,10.510344,50.144092219,2013,300,791457,29032,-45.529046356164,-21.3264831352797,0.000379047756226807,0.000271285134644994
0.098790323,11.91078658,74.07997312,0.523589317,42.92694878,18.98112796,6.368764033,70.4545454545,2013,10,155939,31001,-46.4662882994071,-15.9168486375895,6.41276396539673e-05,0.000120880851758568
0.076739976,9.202084141,81.05349741,0.537812701,36.11323217,12.53618551,6.812430027,61.9047619048,2013,15,229106,31002,-48.6335374305597,-18.9275961625333,6.54718776461551e-05,0.0001461398632666
3.198561067,19.34528783,56.31722195,0.65643091,63.97656619,25.95674117,9.177203352,54.7872340426,2013,58,286396,31003,-48.1431359855853,-19.7016426709666,0.000202516794927303,0.00020067161542527
0.111925071,20.02577752,63.31282047,0.589114501,59.16419728,16.51576915,8.076055715,22.2222222222,2013,48,257153,31004,-43.0245094910088,-21.1407561541434,0.00018665930399412,0.000185138177265737
0.02656912,23.51590643,57.1871842,0.563268498,60.26137072,24.99530067,6.63027189,27.4509803922,2013,15,219727,31005,-45.2130659077857,-18.7754437810024,6.82665307404188e-05,0.000120533809715878
0.117038501,11.95506732,84.28712637,0.595307081,52.22668604,12.85823462,9.834487306,37.5,2013,20,172272,31006,-41.5119431036278,-17.7646960934536,0.000116095476920219,0.000244985239876025
0.119627758,11.76315539,79.49463918,0.584927173,49.15455057,11.57833321,9.293235704,60.8606557377,2013,115,634942,31007,-44.1065575027713,-19.2773112850189,0.000181118905348835,0.000220342939208839
0.030467084,20.29908798,44.12102463,0.619684668,63.90673161,40.83265158,8.480984088,27.2727272727,2013,4,44428,31008,-46.732886911336,-21.1586480903669,9.00333123255605e-05,0.000133439573530342
0.023315458,14.21174896,73.49906738,0.56866379,53.54361827,18.01923655,9.458055844,55.5555555556,2013,15,71995,31009,-44.9900513057895,-22.0955335918448,0.00020834780193069,0.000240461378920476
0.132999625,11.12267944,76.43730277,0.54144544,49.84121963,12.9981923,7.550255896,39.3939393939,2013,13,85404,31010,-44.2972484645906,-21.1516968827455,0.000152217694721559,0.000197169125959512
0.045568005,20.41905459,54.19757274,0.592330061,57.6519084,33.03764443,5.708186785,30.1886792453,2013,21,205877,31011,-45.671136787462,-22.1042066078462,0.000102002652068954,0.000137321895521845
0.189875845,22.97796902,49.09025815,0.606747768,63.27626289,36.30680738,8.704345723,53.3333333333,2013,38,162215,31012,-42.1521291445511,-15.7057037519014,0.00023425700459267,0.000133544059959853
0.049324495,22.06694726,72.04383865,0.551484616,62.8003965,21.53055637,8.802827724,49.2753623188,2013,21,85121,31013,-46.1002007884538,-22.4718414893132,0.000246707627964897,0.000234108593549212
0.086275034,26.04303876,71.37338721,0.559145383,61.74818085,23.95306072,9.322679334,42.8571428571,2013,47,186741,31014,-42.7166158100471,-20.2538861523143,0.000251685489528277,0.00021896240015168
0.169884981,19.7119122,63.65811491,0.583226738,53.20241212,25.35716141,8.014026989,29.7435897436,2013,57,276042,31015,-46.4141755091972,-21.9977986931128,0.000206490316690938,0.000172981375899049
1.224297334,21.81803817,76.77455752,0.550438623,54.42160753,15.86054234,9.286540989,39.3939393939,2013,37,122084,31016,-46.1909879804085,-20.1395899536927,0.000303070017365093,0.000182386903678151
0.088595586,9.907511211,91.39367135,0.483830121,23.65688836,7.202778185,6.141248721,56.1403508772,2013,25,150109,31017,-45.1243676327732,-17.1196818094719,0.000166545643499057,0.000126887468436652
0.130326915,4.773664961,94.73047687,0.48934114,18.27294228,3.106047511,5.130592588,52.3545706371,2013,105,873076,31018,-41.4424453991014,-16.1736387443847,0.000120264444332452,0.000166587126291441
0.069802731,7.583939125,84.04855842,0.49069688,29.6106385,11.32096276,4.594631342,77.5,2013,11,206976,31019,-42.4507931321098,-18.2428118984826,5.31462585034014e-05,0.000140949608282984
0.048175453,7.161477841,87.16321607,0.460041028,24.00096924,10.05029358,4.67593401,57.3529411765,2013,10,265815,31020,-47.2034298359724,-18.7233687298406,3.76201493519929e-05,0.000101098993295866
0.069633228,8.441296549,83.86793083,0.491390792,23.46594398,11.44839403,4.998625543,64.1791044776,2013,21,190941,31021,-46.2304135443482,-18.897357597447,0.000109981617358242,0.000105886390600023
0.134094745,4.991953723,96.02686519,0.485169266,18.18924426,2.541980106,5.322246668,59.5744680851,2013,56,369623,31022,-46.686384348285,-20.6006620471227,0.000151505723399247,0.00018676150371942
0.119855977,6.106564807,89.16746571,0.492026253,21.92681054,7.284675397,4.888066605,57.1428571429,2013,22,217880,31023,-46.3406117652134,-17.6300370271158,0.000100973012667523,0.000111308841130664
0.193104018,8.92346521,87.7859127,0.488826853,35.63405062,11.02331606,5.888760867,51.4285714286,2013,13,101708,31024,-44.692263711332,-19.7246864250098,0.000127816887560467,0.000148178917221584
0.039150371,10.24839341,82.59931918,0.536718826,44.69965373,13.29027207,8.747927629,49.3670886076,2013,21,156904,31025,-43.516526290856,-20.3486183842941,0.000133839800132565,0.00021053816892183
0.138037924,7.538479432,91.33388226,0.471421315,24.27263194,5.96343285,5.091406513,59.2592592593,2013,17,174076,31026,-44.7489638292523,-20.7697789642758,9.76584939911303e-05,0.000166780776439604
0.094700095,5.948445931,88.27546811,0.526882005,32.32713295,7.345781301,7.856399073,24.66367713,2013,78,417019,31027,-40.7590967742405,-17.4534327760983,0.000187041837422276,0.000191909180793519
0.074463684,20.9337769,55.33951894,0.544098217,61.11276194,35.77526389,6.368849102,50,2013,9,86263,31028,-42.2659927550637,-20.8855286354667,0.000104332100668885,0.000150880393688643
0.054304217,4.771894668,90.46758362,0.490269934,25.26707527,2.802087515,5.011849247,56.25,2013,7,130961,31029,-44.0633309756829,-16.3299305959346,5.34510274051053e-05,0.000147935635351158
0.143822123,3.969278497,98.66040504,0.514456221,22.9022122,0.52419374,6.871757287,57.4307304786,2013,1111,5038298,31030,-41.20852040362,-18.6489120596404,0.000220510974142458,0.000305796785853705
0.086753139,7.377844088,85.03758863,0.51119578,35.39036686,8.49232804,9.783396498,46.2427745665,2013,62,396930,31031,-42.0321816176561,-20.2283101334582,0.000156198825989469,0.000241425738894598
0.048851183,10.16193914,57.09400596,0.462736715,36.42284405,24.4047619,3.854606342,46.1538461538,2013,4,64051,31032,-44.9061514998072,-21.3669060895321,6.24502349690091e-05,9.2395979157162e-05
0.194479767,5.50200505,88.27942945,0.5155388,31.15968041,4.562602461,8.26876103,62.6373626374,2013,36,183537,31033,-43.4817030237748,-21.7471178623716,0.000196145736282058,0.000295910684673373
0.057431517,5.094392004,88.62451517,0.502096059,28.50844609,6.817718733,7.812749641,65.4761904762,2013,29,261120,31034,-44.7456525262045,-15.2839856153807,0.000111060049019608,0.000154255463928045
0.264960332,16.23476159,60.97905515,0.521922214,54.43935101,28.98088325,7.542617362,53.3333333333,2013,10,135566,31035,-43.2094848371894,-15.4067631774641,7.37648082852633e-05,0.000118411129773588
0.018400393,22.55898552,47.93547596,0.557559801,61.73483937,42.03688364,6.124432923,17.3913043478,2013,9,83269,31036,-49.8863621896419,-18.9678141526706,0.000108083440416001,8.58739187439782e-05
0.126775336,11.79704501,86.43672299,0.529392893,41.31245303,9.666557033,9.220878962,83.9055793991,2013,119,432644,31037,-45.4238819845418,-22.429523765051,0.000275052930353824,0.000310764055812045
0.045880268,19.01085099,71.22357929,0.50386757,48.61621708,20.92626863,7.6571033,34.7826086957,2013,6,65428,31038,-44.2692830040526,-20.3719106252543,9.17038576756129e-05,0.000153397011142805
0.145031806,6.762442806,94.34850536,0.535468042,28.73600702,3.341087708,10.01259826,60.201511335,2013,124,555214,31039,-43.1736794732765,-19.7296969616643,0.000223337307776821,0.000309805191079899
0.060768445,13.76830435,71.23166588,0.512762382,47.36457448,19.36355755,7.171571744,27.1739130435,2013,40,264130,31040,-42.5955327415369,-19.3675980953804,0.00015144057850301,0.000148564333728577
0.358758802,16.43679758,67.29137105,0.4792288,47.30886768,24.973017,5.714905552,54.9450549451,2013,34,154177,31041,-42.8606868199819,-18.7495432187035,0.000220525759354508,0.000125792106524977
0.089413667,7.48795952,81.11044425,0.447673621,25.1539584,10.96665592,3.28078497,13.0434782609,2013,13,85144,31042,-42.9996198540601,-16.6592684392066,0.000152682514328667,5.95296573340187e-05
0.073220221,4.615125351,92.47879406,0.494309412,18.82565729,2.582476292,3.923152519,60.4278074866,2013,49,519830,31043,-41.8514131112551,-18.6502436710063,9.42615855183425e-05,0.000175137582376233
0.096601849,7.132191552,86.37979641,0.462578968,24.72049936,7.137057486,4.126868297,57.4468085106,2013,22,158464,31044,-49.8277933746087,-19.6987195135394,0.000138832794830372,0.000123837850068507
0.083212541,9.889838129,86.15987545,0.490871158,32.19959138,7.564300621,4.77908506,60.9756097561,2013,12,116606,31045,-45.4314108132961,-20.4627818977228,0.00010291065639847,0.000150112859899953
0.025400656,8.7807544,80.60898072,0.488086401,36.32374296,9.447779733,3.858029707,50,2013,21,131332,31046,-44.937987983938,-20.1057404877731,0.000159900100508635,0.000117448812487132
0.066692578,7.131510461,86.87216225,0.508002223,23.72700471,4.224566881,4.450468565,54.5454545455,2013,27,237077,31047,-43.5499436265477,-18.0912675208911,0.000113887049355273,0.000140524171029882
0.059072079,8.401724459,80.62736806,0.512355347,27.6003245,8.097648461,3.501042191,55.7894736842,2013,31,276748,31048,-44.3999980810334,-18.4304127699176,0.00011201526298293,0.000100413893939527
0.079873622,7.694184813,81.87090648,0.512210479,30.47228879,9.679926517,4.822737859,40.7407407407,2013,26,236101,31049,-43.8787215094417,-20.6691267972551,0.00011012236288707,0.000139043032947173
0.059402349,7.701455897,85.61261506,0.52345192,30.9610936,8.588268733,5.911114451,65.7407407407,2013,64,462479,31050,-43.3612775999866,-18.7796279370562,0.000138384661790049,0.000166276298259273
0.13155779,6.279660769,83.17492801,0.508167747,21.9687568,5.827251256,4.121297395,66.8674698795,2013,49,359879,31051,-42.6095833304274,-21.5558257744614,0.000136156874949636,0.000175692742455422
0.070766639,7.349294255,77.23519951,0.533747835,25.22912848,5.872758508,4.275452609,62.2549019608,2013,59,346933,31052,-42.1168344696592,-19.5765433557139,0.000170061654555779,0.000152394589070912
0.034244132,9.442442737,73.62845117,0.524602355,34.05787208,8.861436814,4.275856169,50,2013,12,147238,31053,-42.6769380017843,-17.4487042954093,8.15006995476711e-05,0.000109507331158514
0.06193199,7.466165782,82.09925442,0.51092052,35.20117307,5.755439499,5.91630029,47.191011236,2013,14,217532,31054,-45.3143305690636,-20.8765947868559,6.43583472776419e-05,0.000181889729339605
0.102883444,11.81967832,76.88777582,0.491764951,43.83128822,14.32293856,6.035912392,45.8333333333,2013,7,76164,31055,-45.4686551154537,-19.6285733070363,9.19069376608371e-05,0.000128962539944046
0.042284863,6.668145042,73.7405718,0.529648535,32.91848761,6.897143053,5.621584775,65.3465346535,2013,35,196723,31056,-43.8010860015547,-17.3647127895734,0.000177915139561719,0.00013557832511306
0.126278655,5.957569244,88.73447407,0.494751703,28.29290593,7.196263684,5.490307636,68.0555555556,2013,24,157743,31057,-44.0434512433478,-19.9016421439532,0.000152146212510222,0.000176493337253301
0.082103604,5.849340789,84.58532207,0.473556685,34.09702836,7.328866478,5.16107939,60,2013,26,190935,31058,-43.7639838207027,-21.1968061184244,0.000136171995705345,0.000181517567706277
0.077931789,7.344082716,81.71756258,0.49727046,38.11571434,9.799935652,9.069305769,42.6829268293,2013,26,232546,31059,-47.0290899776511,-19.6122615907989,0.000111805836264653,0.000162846215197875
0.071067129,12.31844857,70.75240319,0.493216027,44.98400526,19.99791163,7.513379515,62.5766871166,2013,54,192038,31060,-41.8711826084511,-16.927312298496,0.000281194346952166,0.000148555700207636
0.062085942,12.78380731,62.43727494,0.519120304,47.25520268,25.45887933,3.919339805,53.0864197531,2013,69,287639,31061,-44.4450195791429,-21.892599142259,0.000239884021290576,0.000124388025179508
0.083038112,11.01925673,63.16943836,0.493785239,45.94231937,24.8976249,4.815238319,45.8333333333,2013,24,229741,31062,-40.6981902998646,-16.3322686009021,0.000104465463282566,0.000111387780805202
0.058336292,10.94222383,74.96141109,0.498591264,38.39851758,15.57465212,5.265034557,57.5949367089,2013,52,287735,31063,-46.027751444898,-21.3734229712369,0.000180721844752985,0.000132396973459338
0.091229371,8.389659782,83.98850362,0.501790259,30.67148133,10.14526601,3.922383283,59.2760180995,2013,78,284426,31064,-41.3844260459633,-19.492369794429,0.000274236532525156,0.000141977682560548
0.108701321,4.934843274,94.06328832,0.491092018,25.53277607,2.605132575,7.223293877,66.1555312158,2013,226,765848,31065,-40.3853515401589,-20.2728728169872,0.000295097721741129,0.000325523258024512
0.07064038,7.556376181,89.56969389,0.49543653,32.99349704,6.77340424,6.679372175,62.7906976744,2013,58,225298,31066,-39.9720853927916,-18.6465254629823,0.000257436817015686,0.000238650734577355
0.047061987,17.87432484,63.28940881,0.519700852,46.7864744,27.89444211,6.56326049,87.5,2013,24,95181,32001,-40.7166125699538,-19.9435558932156,0.000252151164623192,0.000198040388974096
0.066070421,12.5065548,61.62758843,0.51685135,38.13432048,30.09853228,4.434404033,75,2013,16,133896,32002,-40.5141171241134,-18.7619625330711,0.000119495728027723,0.000126922611331318
0.068599126,10.46122183,74.39399933,0.503647999,31.81383118,15.81644647,5.732982775,87.922705314,2013,65,215409,32003,-40.322044322061,-18.2056054551124,0.000301751551699325,0.000168009026339292
0.139762404,18.12430038,76.16683217,0.516963122,46.93134119,17.71044551,7.288864981,57.4468085106,2013,26,58571,32004,-40.1366160421775,-19.4723478758515,0.000443905687114784,0.000201341986285502
0.181232488,12.14996342,77.54922049,0.577091844,42.08771674,12.41771448,9.46412093,76.9230769231,2013,48,204683,32005,-40.9986249444551,-21.0613123915385,0.000234508972410997,0.000298459667256779
1.114017431,9.414497418,81.76862017,0.571705071,33.00530099,10.45394715,7.893672933,80.7829181495,2013,84,343281,32006,-40.7302016833284,-20.6533665071892,0.000244697492724619,0.000280779165301647
0.123420333,12.1825323,44.42223383,0.506691709,40.58440324,21.38150697,2.655156006,56,2013,16,141838,32007,-40.7438599659685,-19.3632046526677,0.000112804749079936,9.47324983869953e-05
0.059314818,11.09659139,42.01115501,0.493012607,36.48870184,22.8047425,2.081134067,48.6486486486,2013,17,112405,32008,-41.2914348269227,-20.8505971902238,0.000151238823895734,8.61255291109504e-05
0.250288586,4.628579208,98.63983038,0.530138807,23.28914637,0.430454342,7.928323546,40.0077160494,2013,676,1722164,32009,-40.8567148780743,-18.4379819950749,0.000392529399058394,0.000322505846911694
0.228507838,7.084443885,84.22161479,0.531275761,31.49660159,3.877592725,7.453409516,63.1147540984,2013,54,203418,32010,-41.5932291446975,-20.5330686123885,0.000265463233342182,0.000287699986613023
0.082752696,15.34987958,59.68553976,0.517556062,45.37733575,24.32291979,4.214612857,55.9322033898,2013,17,169038,32011,-41.0326821514535,-20.2034520563197,0.000100569102805286,0.000130196028345918
0.089105901,8.048947973,79.64742963,0.53015174,31.91250412,8.66662209,6.420427424,48.6153846154,2013,110,357602,32012,-43.5545890849657,-22.444072623252,0.000307604543598749,0.000199598954651266
0.074229209,11.51633161,66.78507993,0.576308511,47.01515373,10.72944809,8.018018018,60.6382978723,2013,28,81880,32013,-44.2342517889154,-22.548600322276,0.000341963849535906,0.000231306810315495
0.065600992,9.313397983,85.025036,0.508460981,33.02265573,8.430774972,7.89039856,73.5159817352,2013,60,198737,33001,-43.0959553422159,-22.1146783789904,0.00030190653979883,0.000266114227207987
0.0719107,10.77028928,78.80350401,0.524490787,37.97649028,10.31283924,7.096241083,56.25,2013,46,123432,33002,-43.0074365766165,-22.3339056090968,0.000372674833106488,0.000216505584425013
0.058335814,8.249020888,85.70874612,0.565217305,39.06853084,5.081358369,9.627674248,84.110787172,2013,177,602872,33003,-42.066854432347,-21.535660163665,0.000293594660226383,0.000416755954557001
0.102852336,5.279433514,93.57421427,0.585331447,23.88880145,2.087476333,7.932699342,63.9344262295,2013,104,282500,33004,-42.0343613573808,-22.0032750640581,0.000368141592920354,0.000384856032231579
0.029554625,6.385628624,91.47606075,0.563605039,32.24953399,3.801646074,8.614425125,70.4819277108,2013,39,158313,33005,-43.2122416458329,-22.7728720544304,0.000246347425669402,0.000400845486909822
0.041294093,8.277714472,82.50401029,0.532088469,33.18530351,4.441941329,5.945734156,68.2926829268,2013,36,63992,33006,-42.5086121444076,-22.2113861348259,0.000562570321290161,0.000276642241220403
0.080601942,6.627075324,80.52219769,0.545473214,22.39058763,2.200528425,3.509819374,55.9210526316,2013,39,236231,33007,-41.7725994670369,-22.2094299748672,0.000165092642371238,0.00020268302278852
0.074563633,14.1133218,51.93695984,0.531839561,43.26035886,22.61629131,5.399615896,20,2013,4,29641,33008,-42.6833125474448,-22.5867439524869,0.000134948213623022,0.000128418287356512
0.116399379,5.671984911,89.02212204,0.581409067,25.21906906,1.530226224,8.550271476,82.0754716981,2013,65,182054,33009,-42.2335933119172,-22.7881456427207,0.000357036923110725,0.00046593180068698
0.134826453,5.800520743,88.71469163,0.594860116,31.08045334,1.906271119,9.782358697,80.5161290323,2013,248,575629,33010,-41.8584077940483,-21.1525035834573,0.000430833053928833,0.000474936400619161
0.067940077,4.258122629,96.69917104,0.53486502,24.34173351,0.8115085,8.198393125,82.8978622328,2013,254,693577,33011,-43.8654731617303,-22.8422997025684,0.00036621744954057,0.000462369026942689
0.103321117,5.30254142,91.41350139,0.547749826,31.50782321,2.587108786,8.991868161,44.2953020134,2013,51,178198,33012,-42.390985022684,-21.9041560682329,0.000286198498299644,0.000363666250809856
0.360792875,5.698731907,92.24077974,0.625798461,25.82297321,1.010598965,7.44437513,24.6200607903,2013,90,220920,33013,-41.4035598188182,-21.6692016607558,0.000407387289516567,0.000356760469992272
0.070247454,7.205424394,80.77296634,0.55632107,33.32283328,3.220832942,8.741240318,66.1971830986,2013,73,166905,33014,-43.8071216235648,-22.2665961658885,0.000437374554387226,0.000334942502438435
0.068137208,5.070955335,90.95379589,0.553324802,25.7448621,1.079168848,6.667218064,66.4488017429,2013,128,488441,33015,-44.5758998132423,-23.0624513538866,0.000262058262922236,0.000360379878199707
0.069201632,8.587189487,80.31304633,0.592929627,34.22875997,5.607129595,9.230564734,79.2349726776,2013,55,112574,33016,-42.2715088178108,-22.5275484803144,0.000488567520031268,0.000376605873789129
0.125596135,5.37684875,89.66670093,0.649345813,30.99134388,1.716842496,10.74523068,74.4318181818,2013,113,236012,33017,-49.8614099702764,-20.2340028226073,0.000478789214107757,0.000414340278247062
0.100678312,3.52672129,99.70670546,0.572758436,24.7658036,0.761724101,8.310499046,72.7046484757,2013,8943,11819151,33018,-50.4724539028553,-21.9150999081804,0.00075665333322165,0.000411336208558593
0.07171726,8.195272084,87.1820479,0.458178314,18.89261113,8.444833966,5.121668303,52.4390243902,2013,29,154618,35001,-47.9104592731391,-23.2160691254414,0.000187559016414648,0.000149582898173155
0.061172018,7.379072352,90.32048402,0.473954891,16.77308472,5.035808944,5.322493225,66.2162162162,2013,22,109046,35002,-47.4193857458652,-23.4361634658861,0.000201749720301524,0.000203154470300635
0.040150565,6.719700761,91.51102348,0.471572897,16.8748368,4.387727052,5.272203202,82.6771653543,2013,41,147335,35003,-46.5948525286529,-23.6887171413442,0.000278277395052092,0.000246111669892511
0.057364832,4.747920121,92.36969146,0.485358246,13.8695426,1.95537699,4.752699961,72.4489795918,2013,192,811709,35004,-45.7619598604352,-23.0960469744118,0.000236537971120192,0.000240014856508735
0.072246179,6.731933112,96.49560879,0.517838765,14.03063656,1.651885167,4.711218937,89,2013,35,233562,35005,-49.4167763932182,-20.6938077620158,0.000149853143918959,0.000225866091463368
0.032350594,9.110473458,86.67371191,0.481434884,18.93325826,7.586251537,4.43287132,83.3333333333,2013,5,48382,35006,-48.1276636305806,-20.5043292362113,0.000103344218924393,0.00013636114686879
0.013774737,7.261761158,87.52467974,0.469879502,14.5939379,6.99651757,4.481638336,68,2013,11,69070,35007,-46.9119561034021,-21.7214464663684,0.000159258723034603,0.000137073871877842
0.036605993,7.860425851,89.74653505,0.487043556,15.84075618,6.148928884,3.196391328,72.7272727273,2013,3,83614,35008,-47.8894549641136,-21.9673677189419,3.58791589925132e-05,0.000135181846594036
0.075295646,4.708214253,95.40475101,0.495502262,17.23813056,2.91935372,6.133311041,90.2255639098,2013,50,142082,35009,-46.2499567436051,-23.8634166881897,0.000351909460733942,0.000330403856614524
0.055821258,6.429446964,96.10102702,0.541609869,19.51216039,1.893105977,7.145417162,63.1578947368,2013,36,223474,35010,-47.8900613188575,-22.3189446441517,0.000161092565578099,0.000285604961788031
0.040748093,7.564656605,94.17720196,0.505405449,22.0461624,2.331572425,6.704924258,47.1428571429,2013,20,100345,35011,-47.7551886770742,-21.3325760806468,0.000199312372315511,0.000220522563006356
0.092060077,4.271956073,94.97186479,0.548464285,18.14966015,1.294364316,5.110195477,87.037037037,2013,65,408385,35012,-47.8858551308011,-24.5721863635229,0.000159163534409932,0.000362751443196934
0.053650303,6.588102977,95.25819515,0.524906036,18.81033095,2.597412712,6.711681674,51.914893617,2013,92,426962,35013,-51.7317974647041,-22.2040623339577,0.000215475850309864,0.000273508864554937
0.082030164,4.322923853,98.09529251,0.515752459,15.48747842,0.534306379,5.437243418,84.0869565217,2013,334,1108766,35014,-47.2789220640797,-21.9653633519012,0.00030123578825469,0.000287226886274922
0.050778128,5.550328136,86.6641591,0.500687509,21.05810502,3.561676719,4.87782557,83.3333333333,2013,11,111931,35015,-47.7700446976682,-22.7702939878653,9.82748300292144e-05,0.000227639607155271
0.07319355,7.083478487,88.18832205,0.495970772,21.14727679,6.199251814,6.52424619,95.0819672131,2013,65,189489,35016,-47.5856877832386,-23.8707239316814,0.000343027827472835,0.000275947165262398
0.060414718,5.171950306,94.37441534,0.482352497,17.06481222,1.799056946,6.075114701,88.7133182844,2013,111,270673,35017,-45.2854319664205,-23.2510102204137,0.000410088926490636,0.000326469703891898
0.114549316,6.299353739,93.41554997,0.511263524,16.78222132,3.530076589,4.891103058,86.3436123348,2013,65,273302,35018,-49.5787929712074,-22.9897078626425,0.000237832141733321,0.000245961378215359
0.026213956,6.199666541,91.53039571,0.511265185,20.54387366,4.203971191,7.298125139,53.591160221,2013,43,168787,35019,-46.9050463490925,-23.4520468421402,0.000254758956554711,0.000257108774838648
0.196544449,4.448288672,94.20621145,0.505308945,18.42669662,1.722184714,6.154512173,83.7554585153,2013,334,591960,35020,-49.2669556313846,-21.3641615515105,0.000564227312656261,0.00026736761287653
0.049084431,6.123172904,95.79866144,0.547810579,16.06177785,1.443761859,4.654503818,68.137254902,2013,63,366479,35021,-49.876926742924,-20.7654188506857,0.000171906166519773,0.000217491212498295
0.071735207,6.35538262,87.74448816,0.550540844,24.64914416,4.608958926,5.009792446,84.9246231156,2013,61,189379,35022,-46.0955472835341,-23.5606388368537,0.000322105407674557,0.000275284737913273
0.069427704,5.181682153,92.36054192,0.512843008,19.6628914,1.878939774,6.390955704,60.4562737643,2013,59,220973,35023,-46.9703300025784,-22.3844414370118,0.00026700094581691,0.000255061842556931
0.076869614,5.593562169,95.24364282,0.521651914,16.91547974,1.654934851,6.357774612,88.8888888889,2013,107,532186,35024,-49.9563907294062,-22.2359165239764,0.000201057525000658,0.000308254758750304
0.104606237,4.567773195,94.81859076,0.516423265,15.53366131,1.200808708,7.065620271,79.0697674419,2013,69,328108,35025,-49.7601750611485,-21.671332738014,0.000210296609652919,0.000293818593916631
0.090692852,4.26778415,94.62150163,0.522038883,15.04462994,1.384853007,6.10294567,68.0608365019,2013,68,256899,35026,-47.3561085871867,-22.3923832418376,0.000264695463976115,0.000264193974008625
0.055824886,4.935888598,96.19716728,0.560083642,17.15174097,0.643681815,6.322135016,93.8559322034,2013,143,614840,35027,-46.9345914002366,-23.1783669629677,0.000232580834038124,0.000385922813999272
0.063659333,3.798032334,95.3559258,0.545791439,15.36561077,0.640793062,6.130530936,73.2217573222,2013,204,590064,35028,-48.6209007219863,-22.2776473444759,0.000345725209468803,0.000291603258925149
0.073545034,5.673014514,94.08044192,0.534135605,20.05777058,3.089085464,5.654439128,81.6326530612,2013,36,193909,35029,-50.7290867532465,-20.2212583624536,0.000185654095477776,0.000255656717230154
0.043725725,5.609221106,88.11319833,0.517536428,21.12603663,4.580218404,5.506829411,50.6329113924,2013,83,426014,35030,-48.4458870405955,-21.1441656466941,0.000194829277911055,0.00016632686344186
0.075480765,5.123201664,92.23723422,0.552309062,16.90768426,1.373003562,6.897776977,40.2985074627,2013,63,406296,35031,-47.7594026840848,-20.2606352304676,0.000155059365585681,0.000209143053765139
0.087498807,3.681936099,98.13607015,0.537975555,13.45705189,0.26343603,6.589639581,73.5785953177,2013,779,2822880,35032,-49.0457068109016,-23.8666410536836,0.000275959303973247,0.000363257400382788
0.074336145,6.017322595,75.70940716,0.527536013,16.34058907,2.584275517,3.768115942,71.4285714286,2013,31,189121,35033,-48.2353509908295,-23.5401803975555,0.000163916222947214,0.000181365082472147
0.086096307,7.79719649,88.18500375,0.48241109,19.60148285,5.293005671,5.397213564,88.3561643836,2013,87,121934,35034,-46.9500265157417,-23.8188682589048,0.000713500746305378,0.000246935003341587
0.052330603,7.809357102,85.18602584,0.484395206,21.07940172,4.78623232,5.856310171,93.3837429112,2013,141,165486,35035,-47.0012299334654,-24.1716557790653,0.000852035821761357,0.000274425436609669
0.103075163,6.682884662,89.75474739,0.498012699,23.34077424,6.323928628,7.29957214,81.7412333736,2013,239,599146,35036,-46.3389121143848,-23.3475364952386,0.000398901102569324,0.000277413968640474
0.317017846,7.774172321,91.53890301,0.496161479,23.45176265,5.076156423,6.495673218,96.6666666667,2013,18,113609,35037,-45.0896275028478,-22.7111711371686,0.000158438151906979,0.000296002966837679
0.095977716,5.305751651,92.61244077,0.494941862,20.24040338,2.295242484,7.211026148,79.0760869565,2013,109,346116,35038,-46.6430524995017,-23.3225823421721,0.000314923320505264,0.000329773361600026
0.10876939,6.197952479,92.39485941,0.503083626,22.05869908,3.78569665,7.170857041,68.4426229508,2013,83,276655,35039,-47.4170779067198,-20.4658630850859,0.000300012651135891,0.000214550915644754
0.065191072,6.320482907,90.09475126,0.525149144,23.39843018,4.403673723,6.044757217,80.4469273743,2013,68,304102,35040,-50.2742793588133,-20.1530850892051,0.000223609183760712,0.000230435580989753
0.121431393,7.799387016,82.02524276,0.589876354,41.21117169,7.599080211,7.188046089,69.8224852071,2013,46,250088,35041,-51.6416341871961,-21.4032357210697,0.000183935254790314,0.000285599816244005
0.088725124,5.16608172,85.48822304,0.593745825,27.33747923,2.68893543,7.121137813,78.1362007168,2013,84,204817,35042,-48.9034027181675,-21.0717641750501,0.000410122206652768,0.000283338428948295
0.067231985,4.620531256,89.25531832,0.566958496,18.77056501,1.306426859,5.755157356,78.1420765027,2013,51,277658,35043,-45.3101767376503,-23.551869899647,0.000183679202472106,0.000338015244701304
0.086623676,10.5036886,62.00256169,0.634255064,48.84580764,11.66637602,8.167290719,36.9230769231,2013,19,137613,35044,-48.6473868974763,-24.3249884557007,0.00013806835110055,0.000242673964993768
0.094066417,8.461296523,51.08704843,0.625471769,35.04660212,9.418390479,5.786167595,60,2013,23,198190,35045,-45.6828348347614,-22.7913291782353,0.000116050254805994,0.00017060330308261
0.086943582,4.053476878,93.43625056,0.590879897,17.75173436,0.722584729,8.058966973,67.9577464789,2013,426,1417110,35046,-47.1669000802443,-22.8775041253591,0.000300611808539916,0.000364556245476573
0.07169104,3.706134401,96.32765016,0.580319901,13.15473284,0.111643556,6.037108103,96.6850828729,2013,164,679963,35047,-46.5126220283437,-23.0244701708171,0.000241189594139681,0.000384661178595845
0.07166214,5.278094378,89.7665661,0.578396662,17.29708328,1.131306246,5.223545659,90.5325443787,2013,119,534652,35048,-48.3633732506616,-22.8861739865326,0.000222574684093579,0.00030478149529365
0.027591014,5.757132268,84.46335478,0.58376097,28.76927365,1.334668001,3.857264699,34.6153846154,2013,7,72166,35049,-50.2470708395717,-21.3802219304451,9.69985865920239e-05,0.000197595530329224
0.077589167,3.37400591,96.69546464,0.571451384,19.02538084,0.40915892,7.985662904,88.2270497547,2013,442,1506997,35050,-49.2108512522431,-22.2640975220826,0.000293298526805296,0.00039984988257051
0.050729485,3.58669157,93.87739877,0.5580454,27.12694372,0.890135858,9.033740912,52.9667149059,2013,209,422203,35051,-47.3901604857556,-21.0670003786742,0.000495022536552322,0.000309877979208581
0.102735817,9.154647436,69.4722423,0.55313908,42.51455716,8.925759961,5.842919805,70,2013,4,27333,35052,-48.6608272323082,-20.4841009088392,0.000146343248088391,0.000161562998669874
0.065348335,10.44258133,48.71150131,0.541447258,39.93424344,16.05887234,5.710976479,12.5,2013,2,72619,35053,-44.5699441412439,-22.724560770369,2.75410016662306e-05,0.000107933215813933
0.288878873,5.380028272,97.4845535,0.606879284,25.84274882,0.274470863,7.001691684,54.4144144144,2013,164,305417,35054,-48.9317972358529,-23.1949262207015,0.000536970764561239,0.000382948489390306
0.346481001,8.563272543,71.99004893,0.609102863,42.0979269,8.662136392,7.675300951,78.0780780781,2013,95,251532,35055,-50.3987601989456,-20.6580274228581,0.000377685542992542,0.000240017957998751
0.535653891,6.12159176,95.22481924,0.574418895,33.89416416,1.393992251,10.02330532,72.3262032086,2013,205,235384,35056,-50.5458920232113,-22.5954914104525,0.000870917309587738,0.000482201306138386
0.082147972,4.147023554,99.92726129,0.68141748,22.67195685,0.230822148,8.511563869,92.0454545455,2013,786,1876915,35057,-48.5241246745263,-21.7041475249413,0.000418772293897166,0.00049207400922381
0.10274252,5.684366443,94.92394628,0.728337331,27.99972091,1.100675309,8.655321651,88.6281588448,2013,180,488640,35058,-50.7184302439908,-21.1270975047772,0.000368369351669941,0.000522564256081775
0.115858171,4.275917194,98.97197212,0.699094893,25.31120363,0.223522749,9.570882519,95.8977407848,2013,573,1434359,35059,-51.2594287916583,-20.8134420216116,0.000399481580273837,0.000604178412587597
0.101519963,4.954313268,98.91691776,0.684480349,25.25079141,0.628401072,8.546285127,80.3872053872,2013,431,1063302,35060,-46.6328600618467,-22.6627250479594,0.000405341097825453,0.000526067176288108
0.111084301,3.195890202,99.17446291,0.585757402,17.83796459,0.046597896,7.507794329,83.5735100395,2013,6606,14505939,35061,-51.0475433187665,-21.6515056390452,0.000455399681468397,0.000418310375597253
0.096247195,4.840132203,95.26983399,0.697940985,29.16100872,0.639442629,10.34416727,87.2222222222,2013,456,1405959,35062,-49.8096953092102,-23.6761475150534,0.000324333782137317,0.000661433670850644
0.152683899,3.890592292,99.87926687,0.583223782,20.26732892,0.112301647,9.403939353,93.8771274388,2013,1240,1557125,35063,-51.246212796229,-26.1503212218995,0.000796339407562013,0.000690831772317653
0.098968219,10.11461971,85.58202914,0.512159638,24.7016174,8.312890535,4.871904078,51.3812154696,2013,67,282595,41001,-53.5141634170227,-23.7282243713599,0.000237088412746156,0.000201302620379896
0.079595009,10.13255951,80.1989498,0.500468225,23.29604376,10.02068359,4.812074536,80.859375,2013,95,275238,41002,-53.9106338316363,-24.5402324706312,0.000345155828773643,0.000217644243561094
0.063889688,7.949050279,85.21129233,0.52219348,16.28113378,7.19443466,3.579770488,37.5,2013,20,151299,41003,-50.6745964968507,-24.4074078606366,0.000132188580228554,0.000148814143122582
0.102782846,12.74894271,77.17278653,0.507269422,33.76480119,15.67542042,4.739870155,38.4615384615,2013,17,117164,41004,-50.339651248635,-25.8501359320461,0.000145095763203714,0.000172450554940161
0.119609521,10.44973858,81.91780066,0.51669683,28.67558278,10.63739196,5.47252388,53.6585365854,2013,28,224261,41005,-49.4360108578555,-25.9890616228071,0.000124854522186203,0.000210344424474915
0.065792693,9.811782666,88.00234896,0.502431826,19.73638874,7.787610619,4.951873723,24.6153846154,2013,21,192370,41006,-50.7944588807046,-25.1595533351802,0.000109164630659666,0.000174061716832366
0.029077164,10.227586,86.93950738,0.527951114,23.64171057,6.890951276,4.967649696,60,2013,21,84929,41007,-51.2349132261152,-22.9126488467083,0.000247265362832484,0.00018947862645076
0.037469376,8.82018479,88.90041793,0.469364424,16.8314804,5.12910592,4.163845633,0,2013,5,35982,41008,-49.9924992610545,-25.0543753269294,0.000138958368072925,0.000111858648662966
0.096026288,4.557675458,97.13086773,0.485980181,12.76040698,1.825015876,4.319856629,30,2013,108,580303,41009,-51.9754780706521,-24.8058380462014,0.000186109670292933,0.000233414127038794
0.106277702,6.289829749,92.61666156,0.507838084,17.78692624,5.083464774,3.891848917,45.5089820359,2013,68,305150,41010,-52.6324777556574,-25.9743948749315,0.000222841225626741,0.000220584222419365
0.315773493,5.280362786,95.92089101,0.515797037,17.29825272,2.279553859,4.954158244,62.9230769231,2013,184,769182,41011,-52.7929834199719,-22.9485512441232,0.00023921516624154,0.000280511593714628
0.086284999,12.80362289,72.7943397,0.510806694,33.01679741,14.05256604,3.585961343,41.1764705882,2013,5,47422,41012,-48.5900419887468,-25.4683641638997,0.000105436295390325,0.000140173066392629
1.735573815,14.66968973,60.00770075,0.548724426,41.17905015,24.46430978,3.936256363,33.9622641509,2013,15,138951,41013,-52.0462470548509,-26.2503869300332,0.000107951723989032,0.000160251905581995
1.378331671,12.68314017,80.16804125,0.55024802,36.24222595,13.63016411,6.300910398,46.6666666667,2013,10,72835,41014,-51.8920269230238,-23.4688914785257,0.000137296629367749,0.000203810796810943
0.266052496,10.75999049,84.20306216,0.516400161,30.28420349,8.608534323,6.310885218,32.03125,2013,51,180025,41015,-51.1762592024705,-23.4425231315806,0.000283293986946257,0.000195990767820213
0.081598016,9.267917693,85.67383641,0.533349258,29.32346897,6.390341633,6.797920984,61.1111111111,2013,32,127155,41016,-49.8730663892635,-25.7508569809571,0.000251661358184892,0.000298372734935401
0.127974767,12.5630109,71.78350289,0.548863754,39.20212766,15.22474625,5.369679684,40.3846153846,2013,9,80534,41017,-49.7648199053632,-24.2873911227106,0.000111754041771177,0.000168237887962143
0.168927462,10.44054815,71.75876754,0.518384314,34.69881478,16.67638663,3.92494929,38.9830508475,2013,16,102330,41018,-50.0014987500384,-23.2296414278764,0.000156356884589075,0.00012051979709684
0.535223492,11.78423308,72.62435613,0.611018168,39.33958753,13.29066034,6.620988604,72.8155339806,2013,29,167218,41019,-51.5607943732625,-24.3553906707158,0.000173426305780478,0.000254752730506003
0.104686986,7.328698297,80.78644852,0.581239876,38.99710569,12.80485846,7.45436812,51.0638297872,2013,11,105033,41020,-50.7925830702669,-25.6711095417853,0.000104728989936496,0.000276743632487702
0.166053849,4.379323645,90.0718869,0.539500385,27.00446906,4.6055919,6.145323306,31.5789473684,2013,72,455502,41021,-50.3539803229073,-23.8401682591052,0.000158067363041216,0.000249464152133337
0.35126264,6.441488718,81.03658214,0.474656357,20.78252938,7.211832984,3.863418977,53.7634408602,2013,63,398350,41022,-51.9497058929086,-25.4400739909669,0.000158152378561566,0.00017072560211868
0.110860136,6.355113218,85.42882086,0.505384901,23.04140581,9.839225957,4.285288228,51.0638297872,2013,84,456161,41023,-52.8674324555185,-24.4190734675478,0.000184145510028258,0.000175786236817399
0.27446184,6.157784531,90.03498043,0.530396964,26.05657238,3.126889522,5.916982123,39.1304347826,2013,133,424020,41024,-53.2076636800723,-25.9593948581133,0.000313664449790104,0.000332029359556665
0.038828023,8.667797249,60.36708223,0.50795665,29.45833817,11.18468498,2.511713649,70,2013,11,98658,41025,-54.0939828135896,-25.3004612963501,0.000111496280078656,0.000138291598276714
0.068891263,7.986688852,67.92596046,0.512876045,26.22749319,14.49113318,3.202963205,50.6329113924,2013,22,253675,41026,-52.2046347514252,-23.5190371528986,8.67251404355967e-05,0.000111537233820764
0.568295865,6.019747491,77.58994882,0.48397661,22.45470478,12.51783376,3.134347617,55.5555555556,2013,10,166665,41027,-51.5139289744547,-23.9033258441056,6.00006000060001e-05,0.00011964309557016
0.198059022,12.8912715,47.18029973,0.628657121,51.14991369,40.44046253,3.263397173,12.5,2013,7,75787,41028,-49.261549902006,-25.3454170990251,9.23641257735496e-05,9.51896462285116e-05
1.073300783,8.672321714,69.45774242,0.599500931,41.60336563,21.0116141,5.124762286,69.1780821918,2013,50,393616,41029,-50.5347767218139,-23.2349470407463,0.00012702735661152,0.000190670011442909
1.715189943,9.81991377,73.79521739,0.609463001,42.7560538,15.60151093,4.338708511,29.6296296296,2013,8,94624,41030,-52.7527243846007,-23.6128785437187,8.4545147108556e-05,0.000183555245874232
0.076367405,7.323413032,45.97239864,0.603397694,44.34384505,27.31135416,3.117229668,42.1052631579,2013,5,135093,41031,-49.126814525835,-24.7834502767705,3.70115401982338e-05,0.00013400573872047
0.045151823,4.655732446,66.72105409,0.543335696,34.13093296,16.98537683,4.479740167,45,2013,7,101993,41032,-53.2215125322829,-25.0333526433573,6.8632161030659e-05,0.000164080244779916
0.162823183,5.600557038,70.84008193,0.561983885,38.67348608,15.67902296,5.545087957,73.8095238095,2013,11,121681,41033,-53.6254344819742,-25.7759636205281,9.04003090046926e-05,0.000250657430460244
0.054564129,5.065404954,48.85254847,0.572291562,37.90249726,27.95021433,4.190719184,68,2013,6,65779,41034,-52.3227172816313,-24.1502062623849,9.12145213517992e-05,0.000155998792597322
0.120519266,17.45246411,26.84824903,0.651959031,56.96425488,31.39297848,2.600082542,83.3333333333,2013,6,29872,41035,-51.8524437860427,-23.007920252448,0.000200856989823246,0.000157705893762612
0.123366905,5.739060832,61.01605792,0.550714182,33.4720052,16.07985012,4.35512259,16.0714285714,2013,4,51750,41036,-50.8179274831746,-23.4826624320398,7.72946859903382e-05,0.000102384561128158
0.156813052,3.189794143,94.00391853,0.50129032,15.12926821,0.814834582,4.676229333,51.0978786751,2013,758,3258115,41037,-51.4420306125702,-23.6112737369778,0.00023264986042543,0.000250484743446912
0.217037439,5.009183928,90.48388798,0.576758648,30.74294115,1.551567158,7.323833755,71.568627451,2013,195,281270,41038,-52.2891507307925,-26.711856965342,0.000693284033135421,0.000533097368819264
0.163072009,6.034018893,49.61521708,0.556223526,35.01398358,8.946154691,4.709696301,32,2013,13,94878,41039,-49.0626265759805,-28.3087382232945,0.000137018065304918,0.000196409058539424
0.065815077,6.172606792,57.91440606,0.493793513,21.43963517,17.16761441,2.479157525,26.0869565217,2013,20,178659,42001,-49.0001015438067,-27.392425994408,0.000111945102121919,0.000100467493149872
0.391047385,6.127209596,73.81142826,0.498306262,17.01138671,12.20175528,2.881872108,19.8473282443,2013,42,425546,42002,-49.1259112113789,-27.7950845736323,9.86967331381331e-05,0.000114421002674754
3.026268324,7.967206586,68.37831633,0.524586302,25.66112948,18.30293623,2.653466851,10.6382978723,2013,17,158148,42003,-53.506813880754,-26.7109010234795,0.000107494245896249,9.96714137294095e-05
0.15315859,5.583746188,80.48391988,0.501902724,20.65177906,6.911499213,3.843933444,35.761589404,2013,51,339181,42004,-49.4327958778632,-26.3198822596575,0.000150362195995648,0.000176879075104601
0.166208888,4.93793323,65.76730756,0.47321483,13.52370309,6.693295908,2.03475265,22.2222222222,2013,9,145602,42005,-49.8418910456823,-27.0821543394722,6.18123377426134e-05,0.000102750268612632
0.105440656,4.859962103,66.42966452,0.523074172,31.85513308,14.30096917,4.319057955,67.1232876712,2013,51,251223,42006,-48.9325191023692,-26.3336443441212,0.000203006890292688,0.000176423171406462
0.051426085,3.037093395,90.84140987,0.476157774,18.80904371,0.97715736,4.855464229,65,2013,16,132137,42007,-51.2587464917367,-26.9148101264658,0.00012108644815608,0.000336647418237492
0.156044376,2.483969968,93.41006207,0.49466284,10.66734769,0.29870624,4.222940315,73.6949846469,2013,298,908571,42008,-49.5666781434732,-27.4705620106019,0.000327987576094769,0.000345701183718945
0.122323161,8.784095655,80.99750461,0.527691179,32.87437583,8.517250461,5.14509338,40.9090909091,2013,12,126338,42009,-48.7369046533639,-26.8940427035349,9.49832987699663e-05,0.000238818157511407
0.107350897,6.876421462,82.04670644,0.501903847,29.50340867,6.984255147,5.267261854,48.7179487179,2013,47,288367,42010,-48.680748131566,-27.6525261442239,0.000162986749524044,0.000259585190338607
0.756000664,4.199162424,68.85755561,0.454182013,12.94487879,4.839332314,1.704082142,75.5555555556,2013,11,215329,42011,-50.7819139717236,-27.2866554793339,5.1084619349925e-05,0.000146983026597728
0.134046674,2.335624286,90.00968443,0.468117692,5.922861944,0.477314838,2.08825808,75.1773049645,2013,181,729835,42012,-49.4260881401893,-28.6152278761917,0.000248001260558893,0.000250198206191567
0.14922576,3.163524088,94.93000226,0.525308359,12.35341982,0.214021098,4.547497195,69.1868758916,2013,366,633350,42013,-52.0846767528465,-27.1812985524794,0.000577879529486066,0.000365575531657568
0.043039291,5.762901758,52.37164428,0.478437364,20.69705384,12.87117273,1.178888822,33.3333333333,2013,2,58091,42014,-52.956196528374,-26.8188124237533,3.44287411130812e-05,8.54041760663338e-05
0.400404757,5.586693689,74.64066937,0.538489989,12.63326284,4.450873096,2.016682925,58.5714285714,2013,29,100444,42015,-50.3054191294463,-26.4110350335441,0.000288718091672972,0.00015141219347209
0.248787375,2.921269269,95.50463416,0.482685064,9.56966745,0.126276378,4.317448002,42.2485207101,2013,430,946036,42016,-50.215579822178,-27.9386934273378,0.000454528157490835,0.00030742243921795
0.012537613,7.713104326,35.46054831,0.473079748,20.47545046,13.91292945,1.128429367,20,2013,2,24738,42017,-49.2194563950565,-26.8991382387016,8.08472794890452e-05,7.10182230932108e-05
0.117911001,5.013645434,78.88939575,0.501388502,15.7625743,3.357666631,3.3878156,43.3908045977,2013,105,392934,42018,-49.732482665993,-28.9836011938234,0.000267220449235749,0.000217624212188816
0.101787232,3.462765811,89.83535374,0.508349696,12.27827784,1.161486909,3.999248224,72.536687631,2013,123,389413,42019,-50.7393957612265,-28.6499874591205,0.000315860025217443,0.000331181184184746
0.106743064,5.651151187,69.4543383,0.510959538,20.25330531,2.691032724,3.636838825,64.1666666667,2013,32,190312,42020,-53.9581894369666,-27.4824456013476,0.000168144940939089,0.000227041238637913
0.029883771,4.570426651,70.39599176,0.423822595,20.75238522,3.614924712,3.378019644,38,2013,15,161909,43001,-52.558425640726,-28.9578617261338,9.26446337139998e-05,0.000182879759676513
4.292251415,7.025180644,57.72702616,0.462807371,28.15569323,11.67025531,2.496256873,45.4545454545,2013,14,147448,43002,-53.1504842909752,-31.0115788778316,9.4948727687049e-05,0.000142633887020312
2.960396323,9.239280573,53.43890496,0.508143207,32.39379014,14.91660382,2.699367889,28.2352941176,2013,22,178706,43003,-51.8573310146588,-30.0937269015698,0.000123107226394189,0.000136625186743656
0.79138968,4.757506579,73.02093521,0.459504186,17.42565498,6.725916788,2.313434079,58.6538461538,2013,36,218731,43004,-54.7694374317849,-28.410537331868,0.000164585724017172,0.000152407383848491
1.627745894,7.665554832,57.52688172,0.459204156,25.3471763,11.30762824,1.765998117,34.4827586207,2013,12,62376,43005,-54.35100742539,-29.1070905642066,0.000192381685263563,0.000111726911396749
0.015136608,6.056768234,51.92764701,0.452086686,26.77865763,1.944821348,2.616505768,12.5,2013,4,67604,43006,-54.5476234784592,-27.7688917044376,5.91680965623336e-05,0.000134188321012612
0.153322063,6.378156909,75.94011301,0.459095461,30.52135466,6.478276438,4.36413362,36.7088607595,2013,18,201518,43007,-54.2180731124005,-29.8339566156111,8.93220456733394e-05,0.000225285105675076
0.636146151,5.079986675,79.02022619,0.455677601,21.82151958,6.0345519,4.024875276,39.5061728395,2013,25,191123,43008,-52.6738032195518,-29.5225993132996,0.000130805816149809,0.000208918654787441
0.136915219,6.458712691,78.34989028,0.467634086,25.69432633,5.02352434,4.727674219,26.582278481,2013,22,165713,43009,-51.6742018968406,-27.8149164785904,0.000132759650721428,0.000217313750980738
1.178811302,4.2986799,82.64220956,0.470773534,16.82286353,2.594670407,3.024310615,52.3961661342,2013,82,344497,43010,-53.3907485565526,-29.7224571868029,0.000238028197633071,0.000231721019519488
0.335501222,5.517757575,78.37481611,0.456924083,25.06906818,8.358725353,3.955414896,17.1428571429,2013,23,154354,43011,-51.0980793291439,-30.0205583246509,0.000149008124182075,0.00016460415182082
0.028421875,4.209298936,74.21662206,0.422302003,15.02574616,3.26417704,3.020013582,31.5789473684,2013,6,43873,43012,-52.4593756977198,-31.3966416613848,0.000136758370751943,0.000181688169572864
0.076933837,12.54206291,53.92502448,0.542307852,37.1548755,27.16150433,2.481157507,41.6666666667,2013,19,73898,43013,-52.2175822979844,-28.260670412722,0.000257111153211183,0.000133437158048214
0.062083003,4.479760465,66.66457104,0.472299218,11.06949548,5.781474886,1.518321328,32.2580645161,2013,15,133937,43014,-50.4414303164941,-30.1781824865261,0.000111992951910226,0.000121940432660481
0.106777173,6.676539451,75.93191684,0.493759375,28.92501587,7.285277548,3.617821404,58.75,2013,34,163508,43015,-52.8606236594926,-28.5423146326562,0.000207940895858307,0.000208108271725857
0.105766894,2.562530003,90.59441255,0.47056247,8.426079778,0.964095874,3.277676448,66.265060241,2013,194,818896,43016,-51.4207715971238,-29.564522162039,0.000236904319962486,0.000279436391001413
0.056919824,5.568200106,76.64931967,0.463363186,31.77849202,11.1823722,4.792211304,44,2013,19,114432,43017,-52.8186494050619,-32.8646261643642,0.000166037472035794,0.000229068401232147
0.11487097,4.280027567,87.70522511,0.471443283,23.95263965,5.673152828,5.630438869,68.7912087912,2013,135,378275,43018,-51.9999906256485,-29.3753854330162,0.000356883219879717,0.000326662441362974
0.030044276,6.676543402,49.32637571,0.47253602,27.40317238,10.98470178,2.724543985,32.5,2013,9,64841,43019,-53.2781171912,-32.147913167911,0.000138801067225984,0.000133424843346808
0.051512276,5.417193327,63.41317216,0.484762944,22.30200215,7.657803468,2.753837687,34.4473007712,2013,133,335618,43020,-53.7671753825058,-28.2259057526421,0.000396283870352603,0.000138159982225166
0.101125802,3.938647983,74.89560152,0.454063618,12.26911452,3.683970163,2.391773062,47.619047619,2013,56,321692,43021,-51.8687937799649,-28.7815250067994,0.000174079554356341,0.000161899746047533
0.062104086,8.010757537,73.03963548,0.491634644,30.59698543,6.614499859,5.788075831,73.8636363636,2013,60,157451,43022,-50.8200220597251,-29.5220310657294,0.000381070936354802,0.000305238549412193
0.076042999,3.290240214,74.57843045,0.486810343,15.25529978,0.704152275,3.5295222,79.3296089385,2013,58,214408,43023,-53.1684179768143,-27.4408618196878,0.000270512294317376,0.000269624523363143
0.078224836,3.515077439,86.96983286,0.497554676,13.4605521,1.000509241,2.486030205,59.0909090909,2013,58,314032,43024,-52.3336595948611,-27.611090375818,0.000184694553421307,0.000233669466685055
0.085649825,7.333815998,79.78176703,0.527553517,29.60787289,7.946634481,6.45123263,70.5765407555,2013,139,150885,43025,-53.2480452444441,-28.7409012614392,0.000921231401398416,0.000321660121090904
0.187236651,2.951851041,98.15370825,0.51663547,18.81422701,0.23059204,5.774354765,64.9034424853,2013,2741,3793589,43026,-54.8374181804183,-28.097854944902,0.000722534781706716,0.000470137378857437
0.237160639,5.889266865,83.77897449,0.519809514,24.67712531,1.500341971,5.169169099,55.905511811,2013,123,363729,43027,-51.3104810139542,-29.0810782769326,0.00033816385275851,0.000361774588877695
0.271372501,8.018984526,63.94195388,0.530167025,35.20825284,15.97723135,4.354349661,29.6610169492,2013,43,136299,43028,-53.1083827493156,-28.0060181628988,0.000315482872214763,0.000168126137883185
0.126287238,5.768968267,88.08040654,0.541160047,36.25746208,6.789914508,7.404408244,77.7777777778,2013,77,373791,43029,-56.0363048410098,-29.5498661495833,0.00020599746917395,0.000484529252014969
0.100568809,6.327791437,88.4940632,0.513868255,35.27959808,7.472868217,7.249002008,81.9672131148,2013,61,189590,43030,-54.28343908876,-31.1489978891988,0.000321746927580569,0.00046569188402173
0.066164964,5.516146891,81.55320814,0.514991153,33.07814012,3.949927078,7.319951323,60.1226993865,2013,42,180078,43031,-55.0199722981313,-30.4888699046555,0.000233232266018059,0.00042520925178093
0.194119719,9.770114943,62.56323922,0.498420063,38.70533053,21.86809183,5.070556861,42.8571428571,2013,12,120488,43032,-51.7569709246718,-30.6990920517751,9.95949804129872e-05,0.000205753986876542
0.128386983,5.254492182,81.21926219,0.51235436,28.24435746,9.413777567,6.467949406,88.3570504528,2013,193,501555,43033,-52.750064178535,-30.1008427304934,0.000384803261855629,0.000350940915354384
0.082778342,7.322692908,87.8748542,0.49507625,37.64469621,6.529821438,6.914201804,43.4782608696,2013,8,54430,43034,-52.9324533474515,-20.5311953778472,0.000146977769612346,0.000272990363908086
0.215299764,6.056556684,92.20491608,0.541282002,28.95320952,1.495721672,8.082601857,85.8255451713,2013,147,270769,43035,-51.6579182662539,-19.8025614139707,0.000542898189970048,0.000411298077762386
1.29856084,6.87413708,88.03535892,0.745820857,42.90857151,8.841826247,7.964515816,85.9531772575,2013,90,144615,50001,-53.0820527563851,-22.0729962982726,0.000622342080697023,0.000502980724655581
14.57208724,10.52007145,71.98003928,0.636944659,47.77628421,13.42327259,6.782275301,52.5,2013,37,108827,50002,-54.3441163948436,-23.1106817118411,0.000339989157102557,0.000377093524292941
0.221892229,10.54072398,84.27978903,0.538831445,31.57093461,14.89125094,5.630917172,50.5747126437,2013,38,122435,50003,-54.9926920052718,-22.1770658857474,0.000310368767100911,0.000231623656772691
0.945241237,4.446826803,94.52915886,0.52918812,23.7021561,3.300676757,6.179288181,50.7258064516,2013,302,928198,50004,-52.7708776721673,-18.8722457890342,0.000325361614655494,0.000307387167615061
0.149231458,8.607852474,87.27221476,0.509223074,22.21515172,7.76998031,4.865938431,65.3846153846,2013,9,66525,50005,-54.6174868216233,-20.458917619736,0.000135287485907554,0.000244509776652154
0.054924936,10.90357895,85.64759115,0.500418691,26.68053672,13.70446363,5.285035629,47.3684210526,2013,17,79098,50006,-56.4523393584502,-21.3818838638699,0.000214923259753723,0.000234794464230153
0.240646161,7.745405953,83.9490291,0.555811187,26.00796432,9.736745738,5.725994019,82.5301204819,2013,51,165473,50007,-56.8668109787078,-19.274816110672,0.000308207381264617,0.000379160777698987
0.191239207,10.02714523,78.22928336,0.557222944,31.89929782,16.11916951,5.901109265,53.0303030303,2013,26,93741,50008,-55.9554058136489,-20.0023113744805,0.000277359959889483,0.000263628668807953
2.326752427,9.840872659,78.55663443,0.586445043,44.05531368,14.92054607,5.296461683,60,2013,13,108009,50009,-54.3626614282206,-18.5798410268046,0.000120360340342009,0.000294998548250504
5.701919871,8.409260074,81.74096012,0.583902502,32.71560797,11.54800723,5.143445059,41.9310344828,2013,223,534220,50010,-53.4947433879074,-16.0250220888815,0.000417431020927708,0.000282123483039833
7.036534664,13.47821089,72.41763243,0.600903046,38.46473949,18.39639269,6.448535353,48.5355648536,2013,97,236128,50011,-57.8673503325101,-14.7432566805654,0.000410794145548177,0.000415326941344265
2.816195485,10.28489591,63.5369149,0.651428265,41.00295202,36.10759572,4.190278058,67.8899082569,2013,34,148922,51001,-54.6178354901795,-11.4862644552266,0.000228307436107493,0.000246236120461399
0.361101865,10.13070565,67.94060984,0.598760978,34.46334586,28.80636605,4.785639031,39.1304347826,2013,32,101672,51002,-56.0382675037767,-14.8671142903433,0.000314737587536392,0.000267239024033159
1.43056039,10.8602646,67.10964149,0.589586323,38.75056936,29.00126422,5.143292261,42.4460431655,2013,36,147540,51003,-54.6284518354837,-16.704694606851,0.000244001626677511,0.00024365095715006
2.334795845,7.335656214,81.92939649,0.648629755,23.3473677,12.98228494,5.491734994,48.4848484848,2013,27,96914,51004,-54.5659467693547,-15.2152093238432,0.000278597519450234,0.000314203708590479
1.56276856,10.49634878,69.27084022,0.616967868,30.81899444,22.12931752,4.465598845,48.7179487179,2013,9,77897,51005,-58.7437424306827,-13.4301206442805,0.00011553718371696,0.000267676976001004
0.201330349,5.179881615,83.46424164,0.622288515,19.75659358,11.82087238,4.612470062,42.4460431655,2013,47,216083,51006,-53.9688484128707,-13.558071364801,0.000217509012740475,0.000254089872185401
0.87130245,6.77384695,78.65049166,0.603442933,25.29924875,11.20498428,4.66380196,39.7058823529,2013,22,184603,51007,-51.7442872985168,-11.1837091044755,0.000119174661300196,0.000191194567053987
6.420233463,15.05417141,69.07830739,0.629411935,35.19460619,22.1163696,4.5427465,50,2013,5,34079,51008,-51.5709276976673,-14.2796938578212,0.000146717920126764,0.000188911692397838
3.842727062,11.45461652,58.64858604,0.657616589,45.3112907,29.40599522,5.962992562,18.4466019417,2013,19,119054,51009,-58.5139748642153,-15.5316055057611,0.0001595914458985,0.000310270836278476
12.73839221,12.0145819,65.43916472,0.603057807,30.79279463,23.34499602,4.21375596,52.1739130435,2013,46,105035,51010,-55.7520000589493,-15.8894984798603,0.000437949255010235,0.000305135000014039
5.520560332,8.211273857,87.02775607,0.534912504,29.79447834,10.44776119,7.695920558,66.9902912621,2013,34,66449,51011,-54.6490427391373,-10.1741212085871,0.00051167060452377,0.000412560414534931
0.604951751,10.5100811,67.2440759,0.625263309,35.96277355,26.49568458,6.196943973,13.9072847682,2013,79,70085,51012,-52.698180128058,-13.5797030836036,0.00112720268245702,0.000184926893687967
1.305628972,10.6022426,87.30255122,0.622608166,30.26587569,8.606248716,6.912702443,66.1157024793,2013,49,153881,51013,-59.5618396387456,-10.5681438146646,0.000318427876086067,0.000401618390772182
0.303442113,13.16265135,70.10815943,0.555863011,36.31751381,23.65495776,5.796070942,29.6875,2013,18,107853,51014,-57.1808357822931,-11.7291945864445,0.000166893827709939,0.00026727212661145
0.158730159,13.34986988,76.00732601,0.584025677,40.34538818,24.42955627,8.359090597,13.0434782609,2013,10,32717,51015,-55.7005516799034,-13.0946475699938,0.000305651496164074,0.000309187457749627
0.129487553,18.96597088,53.50101971,0.672111648,48.30805516,38.42087504,6.621873229,16.6666666667,2013,15,30675,51016,-56.9775643719236,-14.4717344817308,0.000488997555012225,0.000247915183165766
0.288050428,5.405930697,95.34633572,0.60312084,24.55268413,3.474049528,6.536676119,52.6967005076,2013,936,881902,51017,-57.169377927649,-16.6714883086541,0.00106134241673111,0.000594505211523905
0.236045333,12.62260216,80.15403471,0.669644992,43.30475662,17.97711333,7.53184517,40.2116402116,2013,55,134262,51018,-59.6921948246526,-15.0855906071928,0.000409646809968569,0.000464962642576467
0.148227841,5.317382261,89.34672165,0.586562347,19.31765847,7.733206364,5.034046693,54.4117647059,2013,17,91029,51019,-53.4860716397302,-17.2967990576305,0.000186753671906755,0.000256969670526876
3.592199167,13.4751773,72.86953969,0.520282747,39.83423983,17.15088508,8.201102389,22.2222222222,2013,13,54596,51020,-57.3595184700075,-9.43629405524924,0.000238112682247784,0.000269991904055358
0.283271734,8.558386493,89.94040775,0.570577026,26.22873866,6.658409597,7.473506505,75,2013,71,290068,51021,-46.5540039100783,-14.2029939279769,0.000244770191817091,0.000176577359010128
0.137967475,8.389827188,89.82269712,0.53706139,26.20648616,10.95377307,5.644708787,50,2013,6,36797,51022,-50.2094917052677,-17.1770271681711,0.000163056770932413,0.000149721007782816
0.148629092,14.71265158,75.20892818,0.524088317,37.29181181,21.92278516,7.345318187,25.8064516129,2013,20,79478,52001,-51.9225783181007,-17.6581790152309,0.000251641963813886,0.000172285265021456
0.55663035,14.55645102,74.62014504,0.48231989,34.38766309,19.14116188,5.620287868,37.5,2013,17,89993,52002,-50.2878123811612,-13.9596221490745,0.000188903581389664,0.000132904928654621
0.192963157,12.81773308,77.33133758,0.491150632,34.96186278,19.54652912,5.154188234,34.375,2013,16,57464,52003,-50.808215899124,-15.4246713691936,0.000278435194208548,0.000136136192001161
0.094630681,12.86302316,79.96508603,0.507755488,38.26462011,15.76843312,6.581673307,45.5357142857,2013,39,239198,52004,-50.9456311901348,-18.72513187884,0.000163044841512053,0.000157661385916374
0.28396401,17.82998217,67.2260864,0.58360728,53.40451573,22.45650738,8.887109688,46.1538461538,2013,12,66188,52005,-48.9061781716647,-13.9477508126635,0.000181301746540158,0.000173078146089504
0.17860309,11.64386232,83.27790727,0.487860206,32.15321001,11.82169257,4.879731689,54.8387096774,2013,17,242621,52006,-48.4480401704938,-16.957067356873,7.00681309532151e-05,0.000105772648365176
0.082188738,7.777109738,92.73536707,0.508087667,27.4663143,5.860508843,5.523555912,37.9888268156,2013,61,575001,52007,-49.3530001899092,-17.8723643494786,0.000106086772023005,0.000156672524902352
0.084622415,13.20762685,79.7938598,0.43454448,31.25470343,16.43165741,4.59117787,26.6666666667,2013,9,59885,52008,-50.9141176098242,-16.3929191176173,0.000150288052099858,0.000109901356199374
0.094960692,11.64590194,82.76006903,0.471191021,29.6094518,10.6438063,6.182826112,37.5,2013,9,114583,52009,-49.210354494272,-16.7733641453038,7.8545683041987e-05,0.000119928596457653
0.160766843,4.566838307,98.12087512,0.530217881,21.0833012,1.066920382,5.360013093,69.8280643372,2013,425,2286843,52010,-47.9491576185755,-15.7689330859841,0.000185845727056908,0.000206334019142435
0.061503481,18.5154827,64.50596863,0.586710735,53.41391795,25.41355346,10.85790885,39.7058823529,2013,30,114333,52011,-47.4262515335793,-13.8099757508802,0.000262391435543544,0.000154921351212283
0.165144606,8.08077963,89.40794043,0.624136822,38.5580744,7.458437001,8.117006483,53.3073929961,2013,137,1144025,52012,-49.4923930761279,-15.1153600132709,0.000119752627783484,0.000246643215063184
0.089823109,8.585854149,89.70371814,0.535799919,23.934892,7.693946085,5.314827642,55.2325581395,2013,57,485670,52013,-47.9525030184451,-17.8252983160267,0.000117363641979122,0.000126881899632253
0.081890707,12.38298796,79.33008119,0.506416322,31.25816514,15.52038138,6.250322669,25,2013,12,119921,52014,-51.8715022779058,-16.1879430690283,0.000100065876702162,0.000161662815497055
0.100187367,9.040650175,89.65440894,0.487795302,24.10299022,6.62297629,4.898660476,43.4343434343,2013,45,383739,52015,-50.1913979784301,-16.4368555805804,0.000117267205053435,0.00014852013462587
0.074023215,8.617472669,72.85064475,0.472030004,27.97253382,19.26716262,3.958064582,10,2013,3,97659,52016,-49.4539353127259,-16.0475846777611,3.07191349491598e-05,6.18942590168837e-05
0.141910427,7.114090472,89.40424781,0.476324057,21.89263315,8.281155742,5.67550097,35.4838709677,2013,4,159001,52017,-47.7973607131298,-15.7806923846909,2.51570744838083e-05,0.000109273759981028
0.064074218,10.98936625,85.25119801,0.503360643,23.05229553,11.70002199,4.370863198,32.2580645161,2013,13,118446,52018,-35.1723775404126,-6.35917570154073,0.00010975465613022,0.000117299488662318
0.238428736,3.472250897,96.57803405,0.541481018,19.99874166,0.972841822,7.816908934,67.6113360324,2013,319,2789761,53001,-34.9815716579165,-7.38042528218963,0.000114346712854614,0.000328796785977297
0.334986675,6.354471495,84.10664051,0.713508272,31.27839261,15.26997493,5.41120811,59.2395437262,2014,341,625834,11001,-60.6732648777446,-12.1375562216968,0.000544872921573452,0.000324745411927928
6.446776612,8.493550242,71.36291667,0.742960392,48.59763297,29.36466402,5.916373064,58.064516129,2014,28,81101,11002,-64.0285860057704,-9.43154092944457,0.000345248517280921,0.000292057763497012
0.160093485,10.21167961,66.9675723,0.66382054,42.28297994,31.92353738,4.084887144,88.6524822695,2014,46,195532,11003,-62.3563835789341,-10.636676463161,0.000235255610334881,0.000219612040095231
0.549301781,10.29428599,68.67524521,0.595117232,38.89858174,28.53455212,5.49725876,75.1552795031,2014,53,316402,11004,-64.0978147371483,-11.6949146980331,0.000167508422829186,0.000225857113948105
0.317736236,11.41837821,42.84594779,0.638516772,51.57131346,48.40628779,4.035860432,58.3333333333,2014,5,75085,11005,-61.2160975495619,-13.153460175999,6.65911966438037e-05,0.000171198968407948
1.023171437,10.26799424,66.49737963,0.59465871,39.10928853,29.28719604,5.578758125,69.3181818182,2014,54,247558,11006,-61.6887785811353,-11.932732730847,0.000218130700684284,0.00023928840360326
0.821544051,7.811039795,82.75737317,0.592796525,31.71298235,12.12468257,6.040940062,88.7640449438,2014,27,152211,11007,-62.5666219086101,-9.6590901135286,0.000177385340087116,0.000282898290325017
0.111255681,11.78291063,65.34102695,0.555026773,40.84771834,29.25861343,5.059368082,41.1764705882,2014,8,54808,11008,-62.883700177939,-11.6058899327112,0.000145964092833163,0.000173713449207501
3.26071252,22.84087077,57.5514239,1.010474317,60.54176072,32.8302521,6.722286362,50,2014,32,141056,12001,-71.1248769693091,-8.6984193450702,0.000226860254083485,0.000379053260822951
8.279810671,32.39558083,51.2999638,1.231924597,65.52160964,44.53638201,4.761272623,45,2014,9,77929,12002,-69.6590573259369,-9.6142587351303,0.000115489740661371,0.000238747660677069
7.816413877,26.12584536,63.67132798,1.032349834,58.63709342,35.37165262,7.526260504,58.3333333333,2014,20,55143,12003,-67.9204695876503,-9.98272167254455,0.000362693360898029,0.000364132374521659
0.184878251,11.01452156,83.02779392,0.796628837,42.60302694,11.74802529,8.64702312,31.6161616162,2014,302,452251,12004,-72.8619437197524,-8.2736824723849,0.000667770773309512,0.00048691890892616
1.230800702,19.10776332,66.32174699,0.826226078,55.68908471,28.96636086,5.895376601,70.9090909091,2014,28,63722,12005,-69.1597208679496,-10.7140791243705,0.000439408681460092,0.000361752678595594
50.64622783,23.38727148,48.26342464,1.462993465,48.0722246,45.45814256,7.683733373,36.0902255639,2014,54,108516,13001,-65.4698308927908,-4.02048893783099,0.000497622470419109,0.00041399068932721
10.04667257,21.05630363,48.48716504,1.529979184,72.38630846,47.04287827,15.43926766,0,2014,2,23966,13002,-59.9236399964055,-1.58792407579275,8.34515563715263e-05,0.000188606190029293
27.6227833,21.74746004,58.06581167,1.415514478,70.701607,39.52474549,6.358735604,43.023255814,2014,105,242875,13003,-65.1316647723724,-0.341505760119682,0.000432321152856408,0.000373232023975787
4.307559936,33.10752572,62.22065783,1.141230494,72.10022986,40.09565887,6.539285536,48.3606557377,2014,42,142338,13004,-65.1024078406029,-7.14068493288451,0.000295072292711714,0.000266472401241808
3.012626956,15.78502392,74.05869704,1.223541848,66.95602185,20.83382825,5.363723216,30.3921568627,2014,39,90982,13005,-58.1999864639076,-2.90873197652239,0.000428656217713394,0.000286540929097579
0.947010771,18.12290859,60.82227611,1.162765525,66.90984234,35.1274883,9.134779153,39.7435897436,2014,53,169227,13006,-60.2497954240102,-3.30628376898618,0.000313188793750406,0.000290405695587262
0.655296107,4.908563328,93.81673086,0.859304851,41.11020878,4.893957443,10.48384884,75.5391679421,2014,2032,2285623,13007,-60.5444329766787,-6.68304796677017,0.000889035505855515,0.000711093012088746
1.359322418,9.20050398,47.65379816,0.886108676,55.57789907,37.74024024,10.4288499,50,2014,22,61674,13008,-68.7108626211151,-5.97852530364941,0.000356714336673477,0.000341961500291168
0.640017892,9.758551308,60.9832464,1.141540994,67.23815461,30.63258905,8.40687899,59.2039800995,2014,75,168711,13009,-67.5567791987594,-1.86797931340383,0.000444547184238135,0.000430581192615577
5.002884457,8.04621121,57.0669194,1.239283362,73.76745961,35.57395953,7.824594627,45.2145214521,2014,94,266488,13010,-58.5614995001586,-3.14843769287629,0.00035273633334334,0.000308279143023404
5.985901062,27.76636629,58.63355056,1.134660409,71.10207284,39.8761549,8.986358353,46,2014,35,52413,13011,-63.2206725824278,-4.12235223843046,0.000667773262358575,0.000303818712274955
7.64428333,29.40647482,59.7085563,1.069121526,70.59885081,42.57862055,6.897341888,54.7945205479,2014,24,75649,13012,-68.1455061555745,-8.10890906823312,0.000317254689420878,0.00032598803777375
6.279012212,16.29878895,54.2987873,1.105599204,65.44075289,42.30250896,8.442431181,40.5882352941,2014,64,185281,13013,-69.6979534058312,-4.759301693105,0.00034542127903023,0.000370746360881491
8.390401877,8.206570892,89.95104845,0.797905682,38.37150736,6.075712543,7.358698227,64.1089108911,2014,96,353589,14001,-60.4959323485675,0.318277131651132,0.000271501658705446,0.000431225828342755
44.71062619,17.07399434,22.33633776,1.353582541,57.66587112,48.46559707,9.245283019,53.8461538462,2014,14,46668,14002,-60.2495402963454,3.40396619599689,0.00029999142881632,0.000387234476873197
6.188225183,18.24739612,57.11454901,0.94739038,53.79554656,32.51801289,8.424441612,40,2014,10,46161,14003,-61.7495014751562,1.47919422375484,0.000216633088537943,0.000269545394873451
2.835859906,13.32681974,50.54669803,0.842478587,56.25716806,31.09534522,6.860729959,68.75,2014,6,50518,14004,-62.2234462980585,3.4860616121963,0.000118769547488024,0.00026195034596898
2.092883221,10.84206629,53.12386419,1.171584254,70.29388099,31.45797512,7.813914825,46.4788732394,2014,46,196298,15001,-49.9226578045601,-4.54509238502148,0.000234337588768097,0.000284270628460679
0.639185343,10.37482105,60.78617527,0.956100121,62.77746643,27.27702614,7.956556032,43.2098765432,2014,160,503673,15002,-48.6825489438201,-2.57331291148418,0.000317666422460604,0.000257447748220946
1.213556312,17.41492639,51.12919935,1.237581781,65.28843996,36.65421635,8.156437931,56.0975609756,2014,14,71135,15003,-51.9518831204717,-7.4381954953266,0.000196808884515358,0.000295588533910552
0.016165535,28.96888562,38.94816252,1.675060883,77.88346645,57.85149385,9.060787245,54.2857142857,2014,22,142011,15004,-54.6547047252305,-1.87149017708976,0.00015491757680743,0.00015454875910034
0.039683706,24.89057218,42.31164937,1.499051705,75.79084748,55.58191744,7.924277751,63.28125,2014,52,217765,15005,-47.7765449224519,-0.819896344051304,0.000238789520813721,0.000152713762411929
0.040525525,13.90592642,48.6907641,1.155836016,71.62642255,38.54480923,8.836839415,43.4343434343,2014,42,165571,15006,-49.5923159993611,-7.10067438183369,0.000253667610873885,0.000265339131507995
0.161463789,3.754233374,94.76295305,0.777849187,40.3013377,2.661755778,10.68357178,62.4945738677,2014,1836,2242436,15007,-51.0158936045642,-2.13530529053181,0.000818752463838433,0.000483338006973155
0.082028059,9.219134649,75.2892167,0.823821942,57.50872828,14.65724772,8.974411801,52.508361204,2014,197,319481,15008,-50.1595030816631,-6.38405311299633,0.000616625088815923,0.000347075352502359
0.059479012,11.41648049,53.2252191,0.922544618,67.27691113,15.43200749,6.932256932,37.1165644172,2014,119,258222,15009,-48.0515115111128,-3.84793499752322,0.000460843770089303,0.000252099009071864
0.081250898,17.97179397,56.30765613,0.878767078,69.3704302,25.78283337,7.573189361,36.3420427553,2014,147,401712,15010,-56.8793935516248,-0.104452760369033,0.000365933803321783,0.000248199325948393
0.038646062,13.74472489,49.50903495,1.246343048,74.00576435,42.66705076,7.309061537,75.5555555556,2014,126,466929,15011,-49.6610215278814,-5.64148273123267,0.000269848306701875,0.000259149495277674
0.233643235,17.39844337,49.7698336,1.117831845,68.50080108,36.63171794,9.384440383,55,2014,68,314645,15012,-56.4234728663554,-6.45248571774687,0.000216116575823547,0.00035612112632213
0.237253657,22.50068685,38.31865168,0.970897205,74.23657334,39.25540868,5.860432222,49.1150442478,2014,77,455970,15013,-47.1890032186994,-2.07440279214064,0.000168870759041165,0.000179807163735804
4.245195222,15.34141,56.05853072,0.884188895,56.77665894,32.75117977,6.477703557,34.2741935484,2014,63,244492,15014,-50.3744026719005,-0.8876769832372,0.000257677142810399,0.000178532619846121
1.875273843,16.20522624,58.56287425,0.811619783,54.69351026,38.91816294,5.465687828,56.880733945,2014,65,290730,15015,-50.193996488002,-8.70188611490172,0.000223575138444605,0.000189942000827241
0.52965071,16.84462005,67.98471249,0.840791391,62.00124841,27.62823323,9.747115346,60.4651162791,2014,74,356928,15016,-48.0311731032035,-1.38433555348913,0.000207324726555496,0.000272602493087041
0.678867093,16.82173258,71.07964529,0.829550943,59.87976297,19.36936317,10.85773649,67.4641148325,2014,67,322755,15017,-49.5320582023141,-2.36570256410987,0.000207587798794751,0.000322952679900184
2.544411436,12.85335537,57.68735793,0.802832391,50.58523116,36.20559868,7.418384629,57.4257425743,2014,23,193850,15018,-47.0732011105856,-1.14910933406776,0.000118648439515089,0.00017100143286254
0.511035952,10.93104978,75.61963598,0.775363759,45.6088843,17.04848931,10.32037285,54.7244094488,2014,86,292211,15019,-48.4939626655269,-1.36137211316836,0.000294307880264603,0.000240856865841459
0.189993889,13.1479622,74.79086625,0.78682536,50.54422996,19.08921706,9.036023176,66.6666666667,2014,74,309469,15020,-49.364478005612,-0.523034325630787,0.000239119265580721,0.000244093956502021
0.503848463,14.53022863,75.98995578,0.691051608,50.6051672,22.91904905,7.678847666,57.2222222222,2014,59,188791,15021,-53.3584108008835,-5.66800403868921,0.000312514897426254,0.000292690524496655
0.258991543,15.53263727,56.47917825,0.731634041,58.75002774,40.66872119,11.96196745,54.2372881356,2014,21,149806,15022,-53.6340250165028,-0.191710635744456,0.000140181301149487,0.000180828943197721
18.92642922,10.23295852,71.70354807,1.06502361,49.3102253,21.32384962,8.935268221,43.3333333333,2014,15,33607,16001,-51.7113562824226,2.8342644579527,0.000446335584848395,0.000300753979136928
0.040941658,14.0387887,62.87001024,1.129979359,65.69240902,30.7037037,10.75041167,80,2014,3,27711,16002,-52.8557324726391,0.655361711376273,0.000108260257659413,0.000303633626124481
0.311613175,7.424558944,93.01580036,0.890992066,45.52095298,5.094156657,11.85831665,70.3703703704,2014,124,611615,16003,-51.6857447582593,0.988555110447935,0.000202741920979701,0.000460342408435189
0.159937754,14.25608885,81.37805827,1.078095405,61.22143832,17.5959809,10.93051918,42.2535211268,2014,22,77979,16004,-50.8769641546233,1.57995378399117,0.000282127239384963,0.00029930924869146
1.033778588,21.38664296,66.12669135,0.725457546,64.51604663,18.21081912,8.717875703,44,2014,26,209048,17001,-49.8585125034817,-11.3617554924533,0.000124373349661322,0.000273157243799269
0.275558203,12.58427302,83.5185338,0.645553413,45.00573639,13.04167869,6.787239185,78.4090909091,2014,41,302864,17002,-48.1467471131354,-10.1120041639631,0.000135374293412225,0.000232533143341066
0.194668747,15.12577077,70.02171576,0.594059948,50.36395857,23.84593798,6.13762159,30.4347826087,2014,14,148107,17003,-49.0026304839933,-9.11878121015153,9.45262546672338e-05,0.000163317694940671
3.068912605,11.40017573,79.06329201,0.571845482,43.16735175,17.70904926,7.1917999,40.9090909091,2014,12,123649,17004,-47.1656250000366,-9.53197341593414,9.70489045604898e-05,0.000163873736291419
0.201870031,10.00687893,84.70962053,0.556154313,37.98181858,13.56331691,6.702247613,52.9411764706,2014,11,146042,17005,-48.8449838510378,-11.9699369927054,7.53207981265663e-05,0.000165925317213637
1.099050876,6.136612791,91.4052239,0.621192844,32.33073532,6.815247173,6.359332827,54.0983606557,2014,33,366873,17006,-47.3425412806214,-12.1463450795668,8.99493830290046e-05,0.000184366362012386
3.612095933,21.18011637,56.63816475,0.750866753,63.45590083,34.48128113,7.564043629,55.5555555556,2014,5,77087,17007,-47.8995400026834,-6.03200887241816,6.48617795477837e-05,0.000211103854137737
0.06180679,19.23498733,71.18872238,0.598216618,56.84787979,26.57068063,10.02187227,55.1020408163,2014,23,123210,17008,-48.4465153176458,-7.34318106078121,0.000186673159646133,0.000227216326379358
0.07510245,21.08148557,47.61549723,0.783127958,74.06212997,34.97019107,5.836716828,25.7425742574,2014,28,186768,21001,-44.0031749327347,-2.92537898021364,0.00014991861560867,0.000181534955316335
0.160845623,5.19078126,83.37982021,0.70393166,42.70568053,5.15493995,11.7296108,36.3539445629,2014,650,1381459,21002,-44.2333448529728,-5.35285802942849,0.000470517040317519,0.000367961500279717
0.09243807,21.92016999,42.58479177,0.90492854,70.75357327,40.39963621,9.837973487,54.5454545455,2014,29,170773,21003,-47.1251836761184,-6.93944117451672,0.000169816071627248,0.000225823141450779
0.027241771,26.59378221,36.21566402,0.91643159,71.80190142,52.46211114,5.79846912,57.4468085106,2014,20,189098,21004,-45.9978576881303,-3.96687101688046,0.000105765264571809,0.000162976022105188
0.054414197,22.89171725,44.24441368,0.840406948,71.09315152,41.02425758,6.5600562,52.4822695035,2014,166,585881,21005,-44.8239627757538,-4.40111858919598,0.000283333987618646,0.00018442801181251
0.031790769,28.50068993,56.31141668,0.871804583,74.30941329,39.02212499,9.166019125,45.7943925234,2014,39,226672,21006,-44.7766866970633,-2.16721406690252,0.00017205477518176,0.000225561464118514
0.591491723,24.81937683,57.89129366,0.913607861,73.81612696,38.66687727,8.074276068,40.1041666667,2014,69,233474,21007,-43.0353527625571,-2.76021448766561,0.00029553611965358,0.000247031678278101
0.569331108,28.11515014,55.43543853,0.79958331,68.46885401,24.71427805,7.529920528,53.4274193548,2014,130,648120,21008,-44.1238760637466,-3.59065849217863,0.000200580139480343,0.000247569030758065
1.215631207,17.27397631,76.00773375,0.700855292,55.46329546,10.21015461,8.574439588,52.3195876289,2014,124,583526,21009,-47.1746411461435,-5.13163357883421,0.00021250124244678,0.000266665131180602
0.064324135,27.78590477,61.10962775,0.720867903,66.69035111,22.93087627,7.476146487,40.1515151515,2014,131,415623,21010,-46.075702189657,-2.33731561914139,0.000315189486626101,0.000203417644991712
6.086418685,27.76953511,47.04379901,0.790888483,66.50370289,26.72167649,7.043579326,32.0388349515,2014,64,323562,21011,-46.3135233576005,-8.47618326818682,0.000197798258139089,0.000201125861509438
0.067007287,28.25508027,57.81315437,0.684585311,67.18550744,13.86037984,5.204628272,23.3644859813,2014,29,194658,21012,-43.2683217119969,-4.36868515256178,0.000148979235376917,0.000163450040415234
0.035970964,32.50043137,37.35512694,0.808323467,73.21708252,40.63287595,8.054552942,30.612244898,2014,23,141167,21013,-44.0118940624767,-4.39729490937532,0.000162927596392925,0.000182274689544878
0.050949619,28.84914847,55.20891618,0.809396869,71.8075597,44.93522371,7.491610342,67.3913043478,2014,24,236667,21014,-43.2515762392851,-3.64276955017774,0.000101408307875623,0.000211355488744104
0.050329602,32.08176421,65.96167382,0.793851654,70.6633359,23.98396649,8.404530332,58.0508474576,2014,63,271051,21015,-44.1314797114091,-6.38470774305564,0.000232428583550697,0.000262712473416445
0.036673696,32.02392017,69.83703126,0.836694016,71.39561575,28.27026764,10.49248162,30.985915493,2014,34,90879,21016,-45.3557186632415,-7.13136181183804,0.000374123834989381,0.000266813175898736
0.091754799,24.78531815,73.13770185,0.72711245,64.55718758,19.08394089,7.148291866,68.0250783699,2014,103,431688,21017,-43.3972545939897,-5.24978993140483,0.000238598246882007,0.000276107450481
0.120379482,29.054861,60.83415338,0.669936662,67.06500819,26.71837291,6.4314118,22.2222222222,2014,13,215316,21018,-42.4600229351935,-3.17446631470224,6.03763770458303e-05,0.000181587414767039
0.170105156,16.66144078,70.23887494,0.718324671,54.4036282,20.64093124,6.099525744,48.4848484848,2014,15,116059,21019,-45.1023369191897,-3.03889744330509,0.000129244608345755,0.000198191929208279
0.125742764,15.39497717,74.04945371,0.716797506,55.73842457,21.74372603,7.284768212,35.6164383562,2014,26,138048,21020,-45.6635753404265,-5.79246906540514,0.000188340287436254,0.000218103083840816
0.029396202,22.55449972,59.32153566,0.699636711,67.48338809,35.32838039,8.265378479,27.2727272727,2014,1,70395,21021,-44.2215045351555,-2.59750202509164,1.42055543717594e-05,0.000183996450938407
0.033093281,32.72787191,49.4249663,0.671636142,69.22109711,31.85427974,4.76290713,14.4827586207,2014,65,336764,22001,-41.6659986708039,-6.28890735263339,0.000193013505006473,0.000120431616391304
0.071826062,24.81296363,70.46861564,0.656657665,64.91765391,24.08194043,8.204303925,22.9681978799,2014,81,312365,22002,-42.6025064832222,-5.06796137961831,0.000259312022793847,0.00021901708617847
0.137202078,12.36473735,87.08899421,0.612961838,46.13753056,7.350078133,9.166944831,65.0236326806,2014,276,1029832,22003,-42.8767261345766,-8.80555510727016,0.000268004878465614,0.000270431080972771
0.021325154,30.35391501,51.97620657,0.629819552,67.78611095,28.69041496,7.050013941,21.8181818182,2014,27,223752,22004,-40.877619833991,-6.89908644643401,0.000120669312453073,0.000165865883273633
0.041287876,28.95100289,62.97853795,0.595082085,65.59607723,19.19605345,8.162765318,24.2424242424,2014,12,132640,22005,-41.8827508978421,-6.99255193436306,9.04704463208685e-05,0.000178278427570725
0.026916865,31.56544827,59.59682381,0.543966735,64.79869004,19.45056028,7.453771037,18.75,2014,18,105085,22006,-42.6643483854742,-6.1588629354565,0.000171289908169577,0.000142606852967214
0.032105674,20.30553787,68.76347292,0.665113086,57.03959484,26.29798903,9.149615934,17.3913043478,2014,9,45289,22007,-41.623113628378,-3.49530555423755,0.000198723751904436,0.000209535817063362
0.122898437,24.6872025,72.82961361,0.545072594,61.54074074,17.78520538,10.21432155,41.1764705882,2014,6,41393,22008,-43.0936068172128,-7.33338605126978,0.000144952045031769,0.00020397476313536
0.222141776,20.90655463,71.00473902,0.565900327,56.1477817,20.97902098,7.061421835,57.4468085106,2014,22,122843,22009,-44.561149609128,-10.2135200509967,0.000179090383660445,0.000141929943716544
0.137381352,23.08097693,56.69194786,0.651389046,64.78757611,23.61299665,7.53704037,22.2222222222,2014,13,90798,22010,-41.5951413272189,-5.19596697263466,0.000143174959800877,0.000198018593331328
0.06512633,28.46073641,44.08016459,0.642986608,65.28959363,47.66912944,6.714593557,24.4444444444,2014,11,138782,22011,-43.9727681319631,-7.6532379650006,7.92609992650344e-05,0.000101989810925841
0.050857309,21.37438095,53.43771191,0.642145515,67.12833483,41.77891314,9.08464533,33.3333333333,2014,9,84381,22012,-42.2422894337266,-4.03646060201094,0.000106659082020834,0.000178828427394326
0.091170032,25.56103195,58.18251038,0.563028116,59.60448565,14.20076159,6.804791047,22.2222222222,2014,35,203813,22013,-45.1015708431421,-8.28818486393713,0.000171726042990388,0.00011971767181421
0.043230157,33.74883504,42.38111707,0.624481069,64.9442334,39.79998809,5.341957662,11.1111111111,2014,13,59267,22014,-44.7179937138923,-9.24725014254406,0.000219346347883308,6.80056995320985e-05
0.124075163,32.21956534,40.05833442,0.646705742,69.50193566,44.73962991,6.787339268,14.2857142857,2014,28,267714,22015,-41.5803879492056,-7.95730008939157,0.000104589225815609,0.000101872268593514
0.705751305,29.33509132,53.98928211,0.748990442,73.7195297,29.75977442,6.655861054,31.2903225806,2014,98,377048,23001,-40.8513491338069,-4.53626366847507,0.00025991385712164,0.000239916540537911
0.055214932,27.54622254,50.36888994,0.632364658,71.24219867,26.65700741,4.402631844,32.9479768786,2014,56,309131,23002,-39.5383810317923,-6.64590819296347,0.000181152973981904,0.00016662552834158
0.012522809,35.23199271,59.27582382,0.70369204,72.99899591,30.15500847,6.879361914,36.3636363636,2014,19,58138,23003,-39.479998153642,-3.6748345692006,0.000326808627747773,0.000231221852678427
0.053139307,23.28173375,44.42446043,0.696258886,66.59956452,43.08443604,3.822000866,21.0526315789,2014,7,25776,23004,-40.208420819163,-3.73566973679138,0.000271570453134699,0.000116094408582011
0.058554159,23.20761485,73.88248207,0.68674386,62.84628207,14.26995578,7.798755704,35.9322033898,2014,216,400799,23005,-39.4830169698125,-5.80555080655405,0.000538923500308135,0.000278032045534466
0.899412762,29.76392516,58.28500324,0.606718469,71.14095428,21.54522775,6.703448276,28.2442748092,2014,40,139437,23006,-39.3025898244868,-5.0597166598796,0.000286867904501675,0.00021133799796215
0.019433648,28.53275998,53.73264853,0.58568023,72.40553893,36.37353931,6.422317247,33.3333333333,2014,21,73586,23007,-40.2725131955454,-6.25435276651493,0.000285380371266273,0.000162690080615611
0.215268069,23.43238671,49.16819451,0.704279902,73.79166727,43.64923911,7.751752608,28.3950617284,2014,44,219283,23008,-40.5210640371399,-5.23360995915334,0.000200653949462567,0.000190809735459018
0.111777355,20.12698579,59.26189055,0.693188181,65.9015863,23.46854018,6.988637678,32.2580645161,2014,41,111666,23009,-38.3317331111068,-5.86487306410678,0.000367166371142514,0.000240615302570425
0.041450777,24.87156702,64.20725389,0.768220416,72.76551936,18.68407272,9.817727708,36.5517241379,2014,39,106512,23010,-40.1178219757808,-4.39493024792652,0.000366155926092835,0.000344822271749453
0.020070364,25.81571691,53.25730207,0.670105473,71.46512509,23.7793032,8.452679019,56.8181818182,2014,22,88787,23011,-38.4856642784529,-4.15248493152039,0.000247784022435717,0.00027818363771553
0.040097839,26.60621087,58.91174466,0.673316142,71.72022684,29.85445725,9.341600083,55.0561797753,2014,26,129858,23012,-40.4961932865644,-3.58525008681631,0.00020021870042662,0.000277631529998239
0.207014972,25.05531096,51.61198868,0.676867005,69.87043935,25.98695981,6.202019606,26.6055045872,2014,41,193466,23013,-38.6978751134495,-5.71496858967134,0.000211923542121096,0.000209268459875364
0.036802944,28.85790347,43.4562765,0.610001953,69.90638899,33.00320747,8.312176775,22.641509434,2014,18,64700,23014,-39.3145803085494,-3.90009398719622,0.000278207109737249,0.000185529686835795
0.055167889,23.88014981,66.38635415,0.658394969,65.38012746,31.71433805,7.538503107,52.5252525253,2014,34,141358,23015,-40.6000143200826,-3.09906193228233,0.000240524059480185,0.000235669245142367
0.276714118,8.576931261,97.46024603,0.624038729,43.75881152,1.689780198,7.935119378,52.2162755592,2014,1857,3533255,23016,-37.6724441910355,-4.66746564539431,0.000525577689694064,0.000471653183871767
0.052980132,17.03343109,86.92501602,0.649673114,56.385375,10.69957611,9.316568725,49.2957746479,2014,48,129680,23017,-38.8882668837049,-6.75264702430574,0.000370141887723627,0.000341963840274176
1.25127745,29.44544533,58.36885266,0.599788759,68.28964471,27.54182572,8.045977011,33.6787564767,2014,52,245555,23018,-39.597082441293,-3.33224077194657,0.000211765184989106,0.000223873653259976
0.107451337,26.77793526,57.6412553,0.635094288,68.19671017,25.64328277,7.161959833,48.3516483516,2014,49,278280,23019,-38.9969505953544,-6.36645231732854,0.000176081644386948,0.000225322805449794
0.047463457,30.85244605,49.09922614,0.638653518,72.13744671,31.40013561,7.06496311,36.5079365079,2014,25,149190,23020,-41.0318002869086,-3.91407769443154,0.000167571553053154,0.000201857204965575
0.019768115,31.126818,50.9870266,0.632529874,68.88143816,32.2985887,5.909560032,46.7153284672,2014,39,222725,23021,-38.6789273691066,-3.89861435382283,0.000175103827590077,0.000182057001547108
0.07476022,22.59839853,58.0841326,0.644765911,64.15459203,15.40859497,9.6923844,40.6779661017,2014,14,114917,23022,-40.7117369366018,-3.50492764067503,0.000121827057789535,0.000258891068534142
0.033495601,23.97769595,58.75256002,0.596627652,60.62329201,15.50165971,7.710094269,48.5549132948,2014,58,324771,23023,-38.5218703119768,-4.44101513796298,0.000178587373872667,0.000215280205308956
0.028721418,26.488191,62.14836208,0.585584767,66.82230994,21.21563432,6.343128278,19.0476190476,2014,10,63638,23024,-40.1215645288565,-7.06494771452448,0.000157138816430435,0.000163822334252339
0.049475792,28.90296702,50.44881611,0.632665932,68.15057979,26.59289068,6.576250753,14.2857142857,2014,1,43503,23025,-38.1812827963083,-4.33679095871838,2.29869204422683e-05,0.000163202864585879
0.04262632,28.00545472,63.35662076,0.647015846,61.87275018,15.88929303,5.970216353,38.5135135135,2014,44,229208,23026,-39.4005849903719,-6.96914498595325,0.000191965376426652,0.000192224717743155
0.010341048,30.76344281,55.81994168,0.625061511,69.03606965,28.5991737,5.983245689,34.8837209302,2014,6,99214,23027,-39.4255578499171,-7.31133564374533,6.04753361420767e-05,0.00017921451831533
0.012352215,28.47141742,57.32662785,0.658471459,68.51432213,31.98054984,7.353830922,8.8235294118,2014,7,57534,23028,-39.3915587020206,-4.37498071227458,0.000121667188097473,0.000156957699826653
0.052430137,32.93683959,58.45226236,0.662246802,72.96526916,32.78240055,5.514297909,47.8260869565,2014,5,98157,23029,-38.9597265853821,-7.49337249666326,5.09388021231293e-05,0.000179739752585654
0.200404325,30.22907143,51.38261405,0.668869269,70.93895226,23.14149444,6.838398814,29.6296296296,2014,11,57579,23030,-38.84547381486,-4.4162602798787,0.000191041872905052,0.000223719409192036
0.057573074,27.52907416,53.44331267,0.675352675,73.38698934,32.83395755,7.140592301,30.6666666667,2014,19,92732,23031,-38.8208578493416,-7.1881979774416,0.000204891515334512,0.000204663269465331
0.119257347,18.36977387,80.16377759,0.680917583,59.95213635,11.48282839,8.664887507,40.7942238267,2014,153,559490,23032,-38.1822959540083,-5.0839287543043,0.000273463332677975,0.000327124236035054
0.041044739,25.38701793,57.11325345,0.699813042,67.14340275,24.76662992,8.376526971,61.6438356164,2014,21,103818,23033,-39.0799269441698,-3.53981853327918,0.000202277061781194,0.000287542279753948
0.064626863,15.73040834,85.77036723,0.65598836,43.67489266,5.067535205,10.55436745,15.5172413793,2014,100,363615,24001,-36.901058475795,-5.5824640806438,0.000275016157199235,0.000297169344201153
0.02346543,24.48114901,57.85746822,0.636859409,62.50536548,24.23188682,10.27366219,7.4074074074,2014,12,76856,24002,-37.8026244791631,-6.10708213933655,0.000156136150723431,0.000173426528220242
0.040982557,29.01997438,62.65720653,0.670540518,65.8157888,26.34208375,7.664609053,17.8571428571,2014,11,39759,24003,-38.3974023590042,-6.2467119527736,0.000276666918182047,0.000196379285402827
0.064041442,25.06626495,66.73047092,0.642203242,58.87873161,7.144830357,11.24657171,3.8961038961,2014,27,150642,24004,-36.6061805724985,-6.00162926097318,0.000179232883259649,0.000196961449224952
0.012747988,28.68508481,56.71739304,0.620915624,68.23749222,12.38425926,8.926692389,10,2014,7,66280,24005,-36.6556915844409,-6.50210383209877,0.000105612552806276,0.000165347919528739
0.034130589,25.70229403,71.10101779,0.625826566,59.99648614,13.59516616,9.37910985,19.5652173913,2014,18,118721,24006,-37.167715938491,-6.4892545387569,0.000151615973585128,0.000209513800185808
0.029237966,26.82877365,69.80487505,0.575327021,63.31120716,15.86459192,8.655510675,4.5454545455,2014,9,67467,24007,-38.0898771865516,-6.14685129289319,0.000133398550402419,0.00015428587219712
0.079987811,21.59032291,65.78616592,0.628514971,53.23003348,4.470254575,11.94357068,27.9069767442,2014,21,57338,24008,-35.2424119193583,-5.7953940230794,0.000366249258781262,0.000291940409245899
0.029237486,27.62823369,67.08638703,0.623842166,64.06988372,19.96207066,10.30720643,10,2014,10,53139,24009,-37.3108306447584,-5.12560626082094,0.000188185701650389,0.000189666174053661
0.01950395,26.56352004,51.36852713,0.59727273,66.04240225,19.09776167,7.452332657,0,2014,11,63859,24010,-37.293380665004,-5.81131913487865,0.000172254498191328,0.000122366681318831
0.026617527,18.66814095,85.71253071,0.584796327,46.02675627,8.7655908,6.054386865,15.0943396226,2014,19,103723,24011,-36.314197482262,-5.17847187230509,0.000183180201112579,0.000175471287867845
0.037869862,18.22185971,83.45676103,0.545655673,52.68294333,10.18092523,6.277834206,21.0526315789,2014,19,124256,24012,-35.352262411465,-5.83303408392754,0.000152910121040433,0.000178097389890903
0.519583697,28.62292718,62.33733217,0.68032857,67.58950642,13.28624079,10.9181806,40.625,2014,17,66742,24013,-35.6194626655419,-5.3380302302205,0.000254712175241977,0.000265961518423051
0.038052034,27.9992264,67.038731,0.624670913,65.57860172,21.1374332,8.389254773,21.4285714286,2014,13,141752,24014,-37.6741243841894,-5.59539392377467,9.17094644167278e-05,0.000212320723176815
0.038295002,31.03934786,56.34065145,0.6385607,67.18025783,15.83464319,9.02495752,15.503875969,2014,43,245725,24015,-35.9933009727756,-6.1799424451246,0.000174992369518771,0.000170976671145253
0.071394574,28.68828513,33.23536411,0.698009449,71.34344788,16.5332959,8.47698826,7.1428571429,2014,18,89882,24016,-35.9142645161359,-5.46461520905619,0.000200262566476046,0.000161273359999869
0.075129139,20.21660477,62.26232187,0.663263979,58.01891062,8.14100356,11.4814361,20.2127659574,2014,126,314915,24017,-36.3310072079142,-5.59609577705802,0.000400107965641522,0.000254265745261309
0.109433391,8.445649364,99.14626432,0.57091153,33.7328583,0.365139739,9.897567247,53.9239287434,2014,429,1125134,24018,-35.5847905142979,-6.08739130399448,0.000381287917705802,0.000422116761026989
0.141001108,27.11754916,66.2805922,0.70295744,64.77134858,5.417593829,12.44256691,13.4831460674,2014,37,138705,24019,-35.7409522754416,-7.60857638669578,0.000266753181211925,0.000287246518286567
0.024987937,30.34877191,70.14027711,0.687330559,62.72608647,20.77725645,6.357340423,25.8064516129,2014,21,121116,25001,-37.9383224166277,-6.77401027262328,0.000173387496284554,0.000205499660797965
0.02738568,24.84173968,61.10876282,0.639983297,59.17744983,27.76002987,6.521577988,22.5806451613,2014,25,174671,25002,-37.7373885231522,-7.50497818282366,0.000143126220151027,0.000165416703655547
0.086334891,27.50355357,66.77041518,0.666001881,60.91489538,22.05236812,8.026952019,47.1698113208,2014,45,187634,25003,-36.4253916361566,-6.73207518663993,0.000239828602492086,0.000220892633417659
0.079726562,20.58209427,85.62001216,0.614327301,53.66918582,9.570756023,8.097896892,32.2222222222,2014,20,132146,25004,-36.9445520929732,-6.92083762860152,0.000151347751729148,0.000266449873674666
0.014145072,32.78525543,64.17053299,0.667127732,65.17522436,27.98341576,7.636583157,17.2413793103,2014,6,71388,25005,-35.2233560699365,-7.15178251806928,8.40477391158178e-05,0.000160206511120173
0.022609896,29.79775136,61.91422519,0.656020906,65.20944566,29.88576181,9.364495465,21.2121212121,2014,11,85726,25006,-37.8848479925612,-7.19137715599967,0.000128315796841098,0.000199514664090263
0.019846749,28.98594805,52.95371393,0.62332841,68.1209563,35.62672869,5.454842779,8.5714285714,2014,3,120427,25007,-37.3150740697441,-7.0139886528698,2.49113570876963e-05,0.0001061671032923
0.056219973,22.64388123,75.1149954,0.564402456,60.31770433,20.0418082,6.393484674,20,2014,4,40618,25008,-35.1382749870761,-6.72833340841744,9.84785070658329e-05,0.000158764022261188
0.069015914,25.93090319,58.05997618,0.581109754,67.85220151,33.06840761,5.441529014,14.2857142857,2014,6,77582,25009,-34.948007233379,-7.1028738642087,7.73375267458947e-05,0.000110418328647974
0.07570085,25.78272931,62.58156355,0.524944906,64.39992406,31.31254609,5.924202002,10.4166666667,2014,12,126540,25010,-38.349537635938,-7.47086661489451,9.48316737790422e-05,0.000116213097664881
0.031395203,24.13742228,46.28123823,0.583730858,62.89809919,37.68007683,4.647197533,18.5185185185,2014,7,66005,25011,-35.5064806721142,-7.2870205751085,0.000106052571774866,9.3417496890713e-05
0.017538731,30.35594206,65.16807951,0.577113241,66.63847249,27.5307474,5.607437497,51.2195121951,2014,15,125728,25012,-35.4346602187739,-6.82005988820397,0.000119305166709086,0.000160723600310584
0.041745609,35.79022391,56.00869165,0.619755001,70.27685897,29.77040324,6.361093567,16.6666666667,2014,10,96005,25013,-35.8943601379673,-7.03114809276945,0.000104161241602,0.000135370575666436
0.011194865,26.03880931,63.52339727,0.600094467,63.19889151,27.89089512,7.346403015,5,2014,4,56419,25014,-35.7062354523231,-6.62502225131664,7.08981017033269e-05,0.000122510099739688
0.09013804,33.03227032,53.05610878,0.658043775,68.54292379,33.76168224,7.048867916,16.6666666667,2014,21,116437,25015,-36.1105648065425,-6.84853034830297,0.000180355041782251,0.000138968741030336
0.061883065,29.3500225,72.05858264,0.627595858,62.72690724,16.30245763,8.114135678,52.7777777778,2014,44,169750,25016,-37.5939511206843,-6.35058570837451,0.00025920471281296,0.000240894645069603
0.125728859,14.5105641,83.75233006,0.583995967,48.96268382,7.558634516,9.777264289,70.8971553611,2014,130,525030,25017,-36.3142572035938,-7.54076845325935,0.000247604898767689,0.000327635813216302
0.04974162,34.15076181,60.47475613,0.642459197,66.76885007,27.18645564,8.309239777,17.2413793103,2014,21,110989,25018,-36.8760548854765,-7.71310522889699,0.000189207939525539,0.000169949861644139
0.070396443,35.73804574,36.91552427,0.667214977,71.70063481,58.43276579,4.327115925,11.5384615385,2014,8,54604,25019,-35.9638034663674,-7.28423425385584,0.0001465094132298,8.05899770582654e-05
10.10540546,31.05880737,61.58439126,0.673578622,67.47336689,23.04751778,10.74664768,22.7272727273,2014,38,149210,25020,-38.5061901530106,-6.85751780990448,0.000254674619663561,0.000296615196394436
0.058005951,33.21023694,66.15315078,0.690285083,68.24334532,24.56102553,9.855887975,20.8333333333,2014,48,137929,25021,-35.6504532913965,-6.92882154590404,0.000348005133075713,0.000214440913086452
0.297308661,10.79840166,97.22167183,0.572484661,41.05716006,1.275234513,10.13180688,61.7452135493,2014,496,1110891,25022,-35.3392339746287,-8.12378155919631,0.000446488449361819,0.00044101533804385
0.093418259,27.29794934,67.26478617,0.703443621,69.29954928,17.73864443,10.43683891,33.3333333333,2014,23,87040,25023,-36.3043365625444,-8.2808376243162,0.000264246323529412,0.000273341244507131
0.046807653,27.65104882,53.65392242,0.720835692,70.38050658,36.17015977,7.054285412,39.1891891892,2014,45,324218,26001,-37.1200472870896,-8.80031417663918,0.000138795501792004,0.00018866244514202
1.834856723,22.46939889,57.23543316,0.682220604,66.12431456,26.12229378,9.186518204,34.6153846154,2014,26,168956,26002,-35.0865211258306,-8.36022384097761,0.000153886218897228,0.000231708880781655
0.104258383,23.96568037,63.48509073,0.562517948,63.0399296,28.55848171,7.281176787,37.1134020619,2014,58,326876,26003,-37.6045722707899,-8.4106420012461,0.00017743731567934,0.000182075433431155
1.884209338,26.62637283,62.72417622,0.635669192,62.93738054,23.91845786,8.43535551,40.1098901099,2014,58,226038,26004,-39.249368937129,-8.03307200328112,0.000256594024013661,0.00022645839320178
1.115563153,15.83658714,64.37089941,0.680332521,56.74162903,11.0154819,9.400284857,39.3643031785,2014,126,485792,26005,-35.022090326293,-8.04725455576245,0.000259370265463408,0.000242362003543149
11.78806664,21.26528157,57.47623163,0.686889217,65.75369119,28.4875873,8.950415028,27.0588235294,2014,38,143029,26006,-40.2463595660168,-8.70915399700335,0.000265680386495046,0.000262119058613019
2.801957593,37.84534461,47.95213785,0.702231964,73.46859019,40.38979626,6.443036985,32.7868852459,2014,24,190105,26007,-37.8441992216063,-7.82643056058311,0.000126246021935246,0.000164452330576554
1.195652046,23.28458835,78.02788407,0.614462962,54.65282445,12.75309232,7.114012457,58.7933247754,2014,272,906609,26008,-35.5601790046809,-7.88165304320127,0.00030001908209603,0.000220817076634899
0.047492228,22.70979934,74.83240723,0.631521966,50.01760512,16.45789193,3.865374653,20.7446808511,2014,72,300460,26009,-35.1895416926056,-7.64800749290375,0.000239632563402782,0.000119418501432295
0.018959143,29.2393443,56.88611875,0.637740007,63.89877626,27.44205693,8.094513978,16.8888888889,2014,65,259022,26010,-35.4794657284192,-8.63864632573553,0.000250943935264186,0.00015527711572404
0.094545109,29.16961533,62.93198407,0.613337729,65.51980057,25.08175777,6.999955042,29.003021148,2014,104,461152,26011,-38.4660040035275,-8.66918933691977,0.000225522170564152,0.000185621583521585
0.0291141,33.94887452,68.68016082,0.629064918,67.23527175,19.72211023,6.557728166,17.2413793103,2014,33,222853,26012,-34.9607492078936,-7.79639965533943,0.000148079675840128,0.000153852155010697
0.069992982,22.84364152,77.70228905,0.642665264,62.93010159,9.735081616,13.30590616,24.0631163708,2014,187,557917,26013,-36.5334181347247,-8.98785861047785,0.000335175303853441,0.000322055284168549
0.05844698,24.61932245,77.99007329,0.641117833,61.76385654,15.5548643,11.37638705,62.7705627706,2014,75,226008,26014,-35.9173728013027,-8.5195397853554,0.000331846660295211,0.000305405645236111
0.067585689,26.27266018,70.66369862,0.728949219,68.49414808,19.08712269,14.97065988,27.9816513761,2014,240,588547,26015,-40.1579519749682,-7.8105704584807,0.000407783915303281,0.00036594329089724
0.071157209,15.99252913,87.14466622,0.658123893,58.6725515,7.945477289,16.57513579,62.0448179272,2014,209,180423,26016,-36.0145190781485,-7.87494181189336,0.00115838889720268,0.000537812594332569
0.23973207,8.110045933,98.71456603,0.57497815,41.30074785,1.351881591,13.21311254,55.900158331,2014,2470,3418795,26017,-36.9311300883257,-9.94826330025111,0.000722476779099069,0.000534605291690937
0.134381281,15.23572769,85.63588319,0.676663398,52.92987948,6.518337797,16.09419955,60.9336609337,2014,145,288043,26018,-36.1144072918965,-9.15897413422966,0.000503397062244179,0.0005266586987365
4.477745371,36.83306988,28.83994323,0.697599461,74.10976732,47.65976397,3.330930969,35.2941176471,2014,23,93456,27001,-37.754237916822,-9.16255468862805,0.000246105118986475,0.000112014361107328
0.256178421,26.51227352,65.38828612,0.68603187,62.17816521,8.828418103,10.06564551,44.6808510638,2014,13,85317,27002,-36.2278440707252,-9.90670853696473,0.000152372915128286,0.000277950196842108
0.097530778,32.538001,47.08283692,0.721932821,73.46756782,34.05558498,6.202605483,25.9259259259,2014,22,179392,27003,-37.3921045769789,-9.4390871314836,0.000122636460934713,0.000169222438133079
0.082322357,33.60430627,52.10680243,0.687972355,73.15458964,23.74968898,7.889380016,29.2682926829,2014,14,96699,27004,-36.5344196627068,-10.2182714812314,0.000144779160074044,0.000212390197039529
0.990709599,31.49430916,55.09544502,0.618977732,65.61024988,29.18678501,7.160605376,21.3114754098,2014,59,181915,27005,-36.6168115079266,-9.43599007999331,0.000324327295715032,0.000156358410439261
0.313049236,29.51400561,59.02755125,0.699707273,64.44571283,22.34704222,7.270906722,76.0115606936,2014,73,437452,27006,-35.7859441698764,-9.19724183695572,0.000166875451478105,0.000245634160556353
0.230088022,41.13665492,33.210263,0.788836712,73.46087612,49.19644745,4.029888339,20,2014,2,39837,27007,-35.8124739318982,-9.56543945048992,5.02045836784898e-05,0.000101692572036471
0.120758939,33.37548793,69.91260328,0.698581598,67.78943094,18.90813648,11.44802522,20.9302325581,2014,26,153191,27008,-35.3743516782047,-9.10786143671045,0.000169722764392164,0.000242271380017171
0.588793355,33.22480597,71.44435156,0.791609186,72.69854666,21.233662,12.55816988,31.1740890688,2014,95,318124,27009,-37.130621101295,-9.63485676789308,0.000298625693125951,0.000355768022855351
0.065811122,30.29784016,54.17451913,0.761775338,71.99511437,25.45486151,8.613538081,10,2014,9,71486,27010,-36.6664489160079,-9.78342026052848,0.000125898777382984,0.000187751919945622
0.234508829,13.55750732,97.92545162,0.609740851,45.77610852,1.166851568,12.30226522,46.5707027942,2014,590,1229071,27011,-37.8947870413307,-9.44639809592951,0.000480037361551936,0.000535141188268637
0.13853922,26.97326356,69.7850884,0.736373095,67.82686206,6.497390323,15.51282457,36.398467433,2014,90,304664,27012,-37.9814579143629,-10.9095587644077,0.00029540739962713,0.000458630663070654
1.511818357,28.86253663,56.45674096,0.699991639,66.89958655,11.61211544,11.53528304,25.6756756757,2014,32,131126,27013,-37.5511083535122,-9.96091308608339,0.000244040083583729,0.000262029366485735
0.306693473,30.97691501,47.43824512,0.659515545,71.68027809,14.22961368,7.698549549,12.6984126984,2014,20,167528,28001,-36.7636327607092,-10.2860869460442,0.000119383028508667,0.00016349379892526
0.035031894,31.18449987,57.3340729,0.58493458,60.43060937,15.06969919,6.080837833,15.7894736842,2014,8,72766,28002,-37.1676824681833,-10.37633922519,0.000109941456174587,0.000125060376050584
0.173161549,28.26588706,57.81053902,0.616412892,66.76332813,9.53360026,8.53063217,4.7619047619,2014,11,66315,28003,-36.7879660326908,-10.5128638581338,0.000165874990575285,0.000151666613264916
0.077984628,24.43019518,64.05095828,0.593507749,57.79677185,9.158519261,5.150519611,37.0786516854,2014,35,170038,28004,-37.4070528486934,-11.2325675431693,0.000205836342464626,0.000165711302236772
0.206944125,28.08873034,59.7525868,0.586674484,63.72755681,20.79078047,8.078193717,41.7721518987,2014,30,114584,28005,-37.0880359417036,-10.5315101888943,0.000261816658521259,0.000191615120166963
0.161054557,25.96187383,47.03755897,0.603974542,62.57157913,18.30796092,6.110129272,34.9056603774,2014,43,121262,28006,-37.6113312155878,-10.4441490898208,0.000354604080420907,0.000160200645348934
0.183226543,23.15238315,67.67203546,0.700176602,64.77086066,6.977665135,10.7472298,22.3529411765,2014,34,94719,28007,-37.6993188866009,-11.2716880207125,0.000358956492361617,0.000294818609594093
0.17292912,24.13729809,57.9824936,0.646447908,65.93460959,13.56050609,14.135275,20,2014,7,50315,28008,-37.0750906311298,-10.7487645966116,0.000139123521812581,0.000255050326321661
0.060327965,25.39496324,40.56232976,0.664519323,68.05001478,22.69125774,9.789163667,0,2014,12,58127,28009,-37.1548040434752,-10.9399998735655,0.000206444509436234,0.00014323154684326
0.257631353,16.23310864,76.32133656,0.689030706,60.09537167,6.206268372,20.43825637,8.6956521739,2014,27,96485,28010,-37.7130281386751,-10.9494479977617,0.000279836243975748,0.000440357346875758
0.390875504,8.104426859,97.45242972,0.571849454,38.58478534,1.143664973,11.70659745,69.476744186,2014,329,912647,28011,-37.4407938908496,-10.710511626333,0.000360489871768603,0.000518210280090777
0.106227507,27.74332828,51.58536507,0.637489756,70.23295165,26.16851024,7.165452008,15.2777777778,2014,35,163026,28012,-40.6449453538498,-14.6688750531455,0.000214689681400513,0.000129927997295069
0.104345294,22.0605462,60.77021387,0.653971517,62.9430205,16.55603627,13.32892045,47.2527472527,2014,42,131762,28013,-39.1887449562108,-13.7200542042398,0.000318756545893353,0.000253562748637165
0.13246283,14.68972236,75.52653101,0.64749546,46.54400096,12.76855499,8.703667842,61.8834080717,2014,72,326787,29001,-39.3234735000739,-11.5225491896431,0.000220327001992123,0.000220424660069746
0.107120463,24.98404172,41.62457326,0.600913184,68.58117266,30.75558137,8.192204461,50,2014,18,122358,29002,-40.4545281755525,-10.3530911623261,0.000147109302211543,0.000167053696915823
0.141886928,24.50376822,49.05474143,0.588487737,64.14459242,23.08093785,9.417501013,36.9565217391,2014,30,189796,29003,-41.459307360329,-12.9329858415231,0.000158064448144323,0.000151506448773033
0.358490774,20.19096161,65.21451128,0.694284154,62.46082976,23.50077595,9.482400315,53.4435261708,2014,102,494867,29004,-39.0628533538436,-12.8322147397268,0.000206115986719664,0.000238271326025273
2.428822748,20.11342589,70.18454026,0.622474537,54.99136359,16.03522907,9.879422052,58.2524271845,2014,30,182289,29005,-45.0922095973359,-13.8291734191081,0.000164573836051545,0.00015759197914348
0.415972408,23.32669119,53.48915792,0.698381049,71.6478389,25.52897248,8.906278546,39.8648648649,2014,50,185881,29006,-38.4386636497384,-12.7677414247814,0.000268989299605662,0.000236487015101145
0.214324091,22.43841336,48.45476419,0.666802587,68.96618539,24.8123046,10.15403068,62.3456790123,2014,44,183427,29007,-38.3269854486995,-10.8881029174443,0.000239877444432935,0.00025999867692155
0.137735764,21.73155338,51.78167312,0.637171597,66.87760095,22.57874956,9.425979275,30.0395256917,2014,86,308568,29008,-39.7449167754575,-17.0918653403092,0.000278706800445931,0.000210233864474166
0.102866878,19.00123986,58.66037321,0.614297599,67.73378151,11.09231536,8.012958681,23.8095238095,2014,80,402131,29009,-38.8480754958704,-9.23333325849749,0.000198940146370213,0.00020692531384028
0.203779404,22.20832649,60.85354809,0.585251229,66.1211883,15.3986351,8.985952897,22.8571428571,2014,62,348317,29010,-42.0486695872137,-13.6016575561782,0.000177998776976145,0.000138223771725952
0.183269904,23.49935288,64.24392141,0.611156266,66.32021069,20.63534474,11.13145332,27.2,2014,33,264253,29011,-41.6335688413756,-9.69585700149316,0.000124880323023769,0.000199445224991759
0.17787196,14.96593413,72.65509001,0.603780792,52.25515601,14.28933109,10.26311985,27.251995439,2014,243,1075697,29012,-38.3404369940535,-10.0035491196607,0.000225900044343342,0.000217348302844424
0.126769491,35.82032086,38.2813679,0.662117778,71.56182125,38.53065919,4.540887124,18.75,2014,22,103472,29013,-40.2022604098014,-13.4707399225345,0.00021261790629349,8.72479729400067e-05
0.554027768,29.31904955,37.38983165,0.653833528,71.98895865,33.50432908,7.947729576,43.1137724551,2014,59,317665,29014,-40.7668522509562,-11.2525007377991,0.000185730250421041,0.000157561440530759
0.864436904,30.50488512,44.34383584,0.618003262,68.48021379,20.9847756,7.440040353,29.3193717277,2014,49,332500,29015,-40.3587990011216,-15.4854768472279,0.000147368421052632,0.000156222099493053
0.182906992,22.27163367,51.35252371,0.60627317,63.80255233,21.0128217,7.750406136,39.6428571429,2014,76,447707,29016,-40.4547900694398,-12.3715448216559,0.000169753879211181,0.000158795533132909
0.231510003,18.34249423,67.48873253,0.603773755,57.97617226,12.84199842,9.892538061,35.5828220859,2014,51,334674,29017,-41.9860796652106,-11.5449456493779,0.00015238709908747,0.000171504555981621
0.248433226,21.45055111,56.99162079,0.683794944,67.33007003,18.87500809,13.20918655,24.0740740741,2014,22,125840,29018,-39.4298995807199,-14.9640786966788,0.000174825174825175,0.000245531264162731
0.15042203,12.2574917,79.14462206,0.624692185,52.10581389,8.536605131,17.03125516,25,2014,56,230951,29019,-42.8980562869939,-14.2447302083393,0.000242475676658685,0.000261856629602062
0.160042085,16.96754181,65.8347195,0.602914451,59.26627867,22.22136867,11.27976779,25.2927400468,2014,125,582505,29020,-39.3574818057018,-12.2583379925078,0.000214590432700148,0.000201923625062716
0.279161538,4.735356374,98.73548931,0.582988745,36.72725259,0.503204285,13.35778135,57.4033284386,2014,2045,3792317,29021,-39.2350922964374,-10.4832271503515,0.000539248169390903,0.000517133935639577
0.065635706,24.80274541,34.32267153,0.576134143,66.26342215,25.78514678,8.596182292,30.5882352941,2014,40,198620,29022,-37.8458392121317,-11.9060364765152,0.000201389588158292,0.000179031398217002
0.141625228,20.58241169,51.72074652,0.602818027,65.57925372,18.51793693,8.033017732,37.3831775701,2014,34,270898,29023,-44.2443412922429,-11.6442484518113,0.000125508493971901,0.000134968779664702
0.155909072,23.15019308,68.74860795,0.595755656,62.65137637,19.75101893,9.555140523,34.4410876133,2014,100,536988,29024,-38.3198747525669,-12.4128831846789,0.000186223900720314,0.00021274280653435
0.050088933,22.97557286,40.97376975,0.562198563,61.38578316,26.39017609,6.92125272,31.25,2014,9,103581,29025,-41.6280659020589,-14.5021572410995,8.68885220262403e-05,0.000118209904468506
0.118477351,22.20512511,53.06385121,0.575450835,61.29754338,26.49885858,6.986426945,25.4901960784,2014,36,403473,29026,-42.5537368422349,-12.6437037740837,8.9225301321278e-05,0.000110294839942592
0.059329576,25.15779882,44.45777006,0.539531443,62.7391066,40.41022828,7.647685688,26.6666666667,2014,19,244234,29027,-43.5393981377276,-13.3780559348946,7.77942465013061e-05,8.00907052682488e-05
0.124759296,21.16188386,70.96729934,0.581606758,56.95207956,20.70874546,9.319620941,57.1782178218,2014,119,666427,29028,-45.5049426573246,-11.95449092367,0.000178564193827681,0.000151841889463868
0.193057998,22.48478388,78.99811996,0.620018461,56.10391192,12.31062292,8.576942074,28.5,2014,49,207490,29029,-43.139000163,-11.1680666535162,0.000236155959323341,0.00016392680486043
0.175541919,22.79050736,53.31192887,0.690694226,64.99632471,28.30031451,7.959258097,31.906614786,2014,77,286795,29030,-38.3136840652206,-11.7708908301311,0.000268484457539357,0.000198413752751102
0.957534571,19.68944761,78.71281017,0.645108923,56.96199036,13.68903154,12.45654572,40.503875969,2014,444,1057086,29031,-43.0460326608325,-20.7705576206492,0.000420022590404187,0.000307608991818951
2.038842554,18.36279828,78.77782098,0.625485829,52.6075687,11.33515417,10.510344,50.144092219,2014,366,798777,29032,-45.529046356164,-21.3264831352797,0.000458200473974589,0.000260667040959542
0.098790323,11.91078658,74.07997312,0.523589317,42.92694878,18.98112796,6.368764033,70.4545454545,2014,17,156877,31001,-46.4662882994071,-15.9168486375895,0.000108365152316783,0.000116149578110164
0.076739976,9.202084141,81.05349741,0.537812701,36.11323217,12.53618551,6.812430027,61.9047619048,2014,26,230798,31002,-48.6335374305597,-18.9275961625333,0.000112652622639711,0.00014041995251154
3.198561067,19.34528783,56.31722195,0.65643091,63.97656619,25.95674117,9.177203352,54.7872340426,2014,74,287864,31003,-48.1431359855853,-19.7016426709666,0.000257065836645082,0.000192817333194197
0.111925071,20.02577752,63.31282047,0.589114501,59.16419728,16.51576915,8.076055715,22.2222222222,2014,46,258038,31004,-43.0245094910088,-21.1407561541434,0.000178268317069579,0.00017789187343293
0.02656912,23.51590643,57.1871842,0.563268498,60.26137072,24.99530067,6.63027189,27.4509803922,2014,14,220704,31005,-45.2130659077857,-18.7754437810024,6.3433376830506e-05,0.000115816119284729
0.117038501,11.95506732,84.28712637,0.595307081,52.22668604,12.85823462,9.834487306,37.5,2014,30,173146,31006,-41.5119431036278,-17.7646960934536,0.00017326418167327,0.000235396523443182
0.119627758,11.76315539,79.49463918,0.584927173,49.15455057,11.57833321,9.293235704,60.8606557377,2014,149,640028,31007,-44.1065575027713,-19.2773112850189,0.000232802314898723,0.000211718721835082
0.030467084,20.29908798,44.12102463,0.619684668,63.90673161,40.83265158,8.480984088,27.2727272727,2014,0,44606,31008,-46.732886911336,-21.1586480903669,0,0.000128216751811982
0.023315458,14.21174896,73.49906738,0.56866379,53.54361827,18.01923655,9.458055844,55.5555555556,2014,13,72452,31009,-44.9900513057895,-22.0955335918448,0.000179429139292221,0.000231049726297299
0.132999625,11.12267944,76.43730277,0.54144544,49.84121963,12.9981923,7.550255896,39.3939393939,2014,5,85536,31010,-44.2972484645906,-21.1516968827455,5.84549195660307e-05,0.000189451931082408
0.045568005,20.41905459,54.19757274,0.592330061,57.6519084,33.03764443,5.708186785,30.1886792453,2014,9,206785,31011,-45.671136787462,-22.1042066078462,4.35234664023019e-05,0.000131947119813537
0.189875845,22.97796902,49.09025815,0.606747768,63.27626289,36.30680738,8.704345723,53.3333333333,2014,30,162675,31012,-42.1521291445511,-15.7057037519014,0.000184416781927155,0.00012831714864514
0.049324495,22.06694726,72.04383865,0.551484616,62.8003965,21.53055637,8.802827724,49.2753623188,2014,24,85033,31013,-46.1002007884538,-22.4718414893132,0.000282243364340903,0.000224945588793615
0.086275034,26.04303876,71.37338721,0.559145383,61.74818085,23.95306072,9.322679334,42.8571428571,2014,32,187400,31014,-42.7166158100471,-20.2538861523143,0.000170757737459979,0.000210392217043621
0.169884981,19.7119122,63.65811491,0.583226738,53.20241212,25.35716141,8.014026989,29.7435897436,2014,55,276681,31015,-46.4141755091972,-21.9977986931128,0.000198784882228993,0.000166210888981149
1.224297334,21.81803817,76.77455752,0.550438623,54.42160753,15.86054234,9.286540989,39.3939393939,2014,28,122104,31016,-46.1909879804085,-20.1395899536927,0.000229312717028107,0.000175248284627798
0.088595586,9.907511211,91.39367135,0.483830121,23.65688836,7.202778185,6.141248721,56.1403508772,2014,16,150977,31017,-45.1243676327732,-17.1196818094719,0.000105976407002391,0.000121921095955044
0.130326915,4.773664961,94.73047687,0.48934114,18.27294228,3.106047511,5.130592588,52.3545706371,2014,103,882384,31018,-41.4424453991014,-16.1736387443847,0.000116729224464632,0.000160066910150342
0.069802731,7.583939125,84.04855842,0.49069688,29.6106385,11.32096276,4.594631342,77.5,2014,18,208163,31019,-42.4507931321098,-18.2428118984826,8.6470698443047e-05,0.000135432843983919
0.048175453,7.161477841,87.16321607,0.460041028,24.00096924,10.05029358,4.67593401,57.3529411765,2014,19,267542,31020,-47.2034298359724,-18.7233687298406,7.10168870681986e-05,9.71419811148449e-05
0.069633228,8.441296549,83.86793083,0.491390792,23.46594398,11.44839403,4.998625543,64.1791044776,2014,24,192936,31021,-46.2304135443482,-18.897357597447,0.000124393581291205,0.00010174199980295
0.134094745,4.991953723,96.02686519,0.485169266,18.18924426,2.541980106,5.322246668,59.5744680851,2014,59,373951,31022,-46.686384348285,-20.6006620471227,0.000157774681709636,0.000179451662928019
0.119855977,6.106564807,89.16746571,0.492026253,21.92681054,7.284675397,4.888066605,57.1428571429,2014,15,220293,31023,-46.3406117652134,-17.6300370271158,6.80911331726383e-05,0.000106952215749435
0.193104018,8.92346521,87.7859127,0.488826853,35.63405062,11.02331606,5.888760867,51.4285714286,2014,16,102388,31024,-44.692263711332,-19.7246864250098,0.000156268312692894,0.000142379197943465
0.039150371,10.24839341,82.59931918,0.536718826,44.69965373,13.29027207,8.747927629,49.3670886076,2014,33,157538,31025,-43.516526290856,-20.3486183842941,0.000209473269941221,0.000202297710022742
0.138037924,7.538479432,91.33388226,0.471421315,24.27263194,5.96343285,5.091406513,59.2592592593,2014,14,175416,31026,-44.7489638292523,-20.7697789642758,7.98102795640078e-05,0.000160252980836334
0.094700095,5.948445931,88.27546811,0.526882005,32.32713295,7.345781301,7.856399073,24.66367713,2014,58,420806,31027,-40.7590967742405,-17.4534327760983,0.000137830734352647,0.000184397860044483
0.074463684,20.9337769,55.33951894,0.544098217,61.11276194,35.77526389,6.368849102,50,2014,5,86060,31028,-42.2659927550637,-20.8855286354667,5.8099000697188e-05,0.000144974938686177
0.054304217,4.771894668,90.46758362,0.490269934,25.26707527,2.802087515,5.011849247,56.25,2014,11,132284,31029,-44.0633309756829,-16.3299305959346,8.3154425327326e-05,0.000142145438119632
0.143822123,3.969278497,98.66040504,0.514456221,22.9022122,0.52419374,6.871757287,57.4307304786,2014,1114,5079662,31030,-41.20852040362,-18.6489120596404,0.000219305930197718,0.00029382790696488
0.086753139,7.377844088,85.03758863,0.51119578,35.39036686,8.49232804,9.783396498,46.2427745665,2014,70,399170,31031,-42.0321816176561,-20.2283101334582,0.000175363880051106,0.000231976341245084
0.048851183,10.16193914,57.09400596,0.462736715,36.42284405,24.4047619,3.854606342,46.1538461538,2014,14,64345,31032,-44.9061514998072,-21.3669060895321,0.000217577123319605,8.87796027415001e-05
0.194479767,5.50200505,88.27942945,0.5155388,31.15968041,4.562602461,8.26876103,62.6373626374,2014,24,185065,31033,-43.4817030237748,-21.7471178623716,0.0001296841650231,0.000284328747548437
0.057431517,5.094392004,88.62451517,0.502096059,28.50844609,6.817718733,7.812749641,65.4761904762,2014,26,263295,31034,-44.7456525262045,-15.2839856153807,9.87485520044057e-05,0.000148217908757084
0.264960332,16.23476159,60.97905515,0.521922214,54.43935101,28.98088325,7.542617362,53.3333333333,2014,6,135878,31035,-43.2094848371894,-15.4067631774641,4.41572587173788e-05,0.000113776520984642
0.018400393,22.55898552,47.93547596,0.557559801,61.73483937,42.03688364,6.124432923,17.3913043478,2014,6,83120,31036,-49.8863621896419,-18.9678141526706,7.21847930702599e-05,8.25128156169908e-05
0.126775336,11.79704501,86.43672299,0.529392893,41.31245303,9.666557033,9.220878962,83.9055793991,2014,126,434348,31037,-45.4238819845418,-22.429523765051,0.000290089973937948,0.000298600758095785
0.045880268,19.01085099,71.22357929,0.50386757,48.61621708,20.92626863,7.6571033,34.7826086957,2014,11,65577,31038,-44.2692830040526,-20.3719106252543,0.000167741738719368,0.000147393055793339
0.145031806,6.762442806,94.34850536,0.535468042,28.73600702,3.341087708,10.01259826,60.201511335,2014,125,559505,31039,-43.1736794732765,-19.7296969616643,0.000223411765757232,0.000297679423306333
0.060768445,13.76830435,71.23166588,0.512762382,47.36457448,19.36355755,7.171571744,27.1739130435,2014,29,265282,31040,-42.5955327415369,-19.3675980953804,0.000109317631803138,0.000142749529257587
0.358758802,16.43679758,67.29137105,0.4792288,47.30886768,24.973017,5.714905552,54.9450549451,2014,35,154384,31041,-42.8606868199819,-18.7495432187035,0.000226707430821847,0.000120868606482409
0.089413667,7.48795952,81.11044425,0.447673621,25.1539584,10.96665592,3.28078497,13.0434782609,2014,3,85531,31042,-42.9996198540601,-16.6592684392066,3.50750020460418e-05,5.7199667968908e-05
0.073220221,4.615125351,92.47879406,0.494309412,18.82565729,2.582476292,3.923152519,60.4278074866,2014,55,526918,31043,-41.8514131112551,-18.6502436710063,0.000104380567754375,0.000168282701588357
0.096601849,7.132191552,86.37979641,0.462578968,24.72049936,7.137057486,4.126868297,57.4468085106,2014,16,159114,31044,-49.8277933746087,-19.6987195135394,0.000100556833465314,0.000118990839576933
0.083212541,9.889838129,86.15987545,0.490871158,32.19959138,7.564300621,4.77908506,60.9756097561,2014,8,117153,31045,-45.4314108132961,-20.4627818977228,6.82867702918406e-05,0.00014423744615163
0.025400656,8.7807544,80.60898072,0.488086401,36.32374296,9.447779733,3.858029707,50,2014,18,131912,31046,-44.937987983938,-20.1057404877731,0.000136454606101037,0.000112851868773775
0.066692578,7.131510461,86.87216225,0.508002223,23.72700471,4.224566881,4.450468565,54.5454545455,2014,29,238443,31047,-43.5499436265477,-18.0912675208911,0.000121622358383345,0.000135024058334734
0.059072079,8.401724459,80.62736806,0.512355347,27.6003245,8.097648461,3.501042191,55.7894736842,2014,23,277879,31048,-44.3999980810334,-18.4304127699176,8.27698386707884e-05,9.64836965309365e-05
0.079873622,7.694184813,81.87090648,0.512210479,30.47228879,9.679926517,4.822737859,40.7407407407,2014,32,237500,31049,-43.8787215094417,-20.6691267972551,0.000134736842105263,0.000133600891961179
0.059402349,7.701455897,85.61261506,0.52345192,30.9610936,8.588268733,5.911114451,65.7407407407,2014,52,465344,31050,-43.3612775999866,-18.7796279370562,0.000111745289506258,0.000159768247919923
0.13155779,6.279660769,83.17492801,0.508167747,21.9687568,5.827251256,4.121297395,66.8674698795,2014,54,362471,31051,-42.6095833304274,-21.5558257744614,0.000148977435436214,0.000168816132715317
0.070766639,7.349294255,77.23519951,0.533747835,25.22912848,5.872758508,4.275452609,62.2549019608,2014,65,350481,31052,-42.1168344696592,-19.5765433557139,0.000185459411494489,0.000146429868497378
0.034244132,9.442442737,73.62845117,0.524602355,34.05787208,8.861436814,4.275856169,50,2014,9,148216,31053,-42.6769380017843,-17.4487042954093,6.07221892373293e-05,0.000105221216834534
0.06193199,7.466165782,82.09925442,0.51092052,35.20117307,5.755439499,5.91630029,47.191011236,2014,31,218614,31054,-45.3143305690636,-20.8765947868559,0.000141802446320913,0.000174770569680979
0.102883444,11.81967832,76.88777582,0.491764951,43.83128822,14.32293856,6.035912392,45.8333333333,2014,7,76246,31055,-45.4686551154537,-19.6285733070363,9.18080948508774e-05,0.000123914949213239
0.042284863,6.668145042,73.7405718,0.529648535,32.91848761,6.897143053,5.621584775,65.3465346535,2014,25,197455,31056,-43.8010860015547,-17.3647127895734,0.000126611126585804,0.000130271792708876
0.126278655,5.957569244,88.73447407,0.494751703,28.29290593,7.196263684,5.490307636,68.0555555556,2014,25,158962,31057,-44.0434512433478,-19.9016421439532,0.000157270291012946,0.000169585392251943
0.082103604,5.849340789,84.58532207,0.473556685,34.09702836,7.328866478,5.16107939,60,2014,24,191926,31058,-43.7639838207027,-21.1968061184244,0.000125048195658743,0.000174412974445085
0.077931789,7.344082716,81.71756258,0.49727046,38.11571434,9.799935652,9.069305769,42.6829268293,2014,26,233915,31059,-47.0290899776511,-19.6122615907989,0.000111151486651134,0.000156472418227558
0.071067129,12.31844857,70.75240319,0.493216027,44.98400526,19.99791163,7.513379515,62.5766871166,2014,44,191963,31060,-41.8711826084511,-16.927312298496,0.000229210837505144,0.00014274123365245
0.062085942,12.78380731,62.43727494,0.519120304,47.25520268,25.45887933,3.919339805,53.0864197531,2014,36,289574,31061,-44.4450195791429,-21.892599142259,0.000124320553640866,0.00011951948084724
0.083038112,11.01925673,63.16943836,0.493785239,45.94231937,24.8976249,4.815238319,45.8333333333,2014,26,230383,31062,-40.6981902998646,-16.3322686009021,0.000112855549237574,0.000107028065726999
0.058336292,10.94222383,74.96141109,0.498591264,38.39851758,15.57465212,5.265034557,57.5949367089,2014,47,289018,31063,-46.027751444898,-21.3734229712369,0.000162619629227245,0.000127214959082836
0.091229371,8.389659782,83.98850362,0.501790259,30.67148133,10.14526601,3.922383283,59.2760180995,2014,56,286690,31064,-41.3844260459633,-19.492369794429,0.000195332938016673,0.000136420679458834
0.108701321,4.934843274,94.06328832,0.491092018,25.53277607,2.605132575,7.223293877,66.1555312158,2014,267,771143,31065,-40.3853515401589,-20.2728728169872,0.00034623928376449,0.000312782285486445
0.07064038,7.556376181,89.56969389,0.49543653,32.99349704,6.77340424,6.679372175,62.7906976744,2014,56,226150,31066,-39.9720853927916,-18.6465254629823,0.000247623258898961,0.000229309950530487
0.047061987,17.87432484,63.28940881,0.519700852,46.7864744,27.89444211,6.56326049,87.5,2014,16,95603,32001,-40.7166125699538,-19.9435558932156,0.000167358764892315,0.000190289092883427
0.066070421,12.5065548,61.62758843,0.51685135,38.13432048,30.09853228,4.434404033,75,2014,20,134971,32002,-40.5141171241134,-18.7619625330711,0.000148179979402983,0.000121954863357653
0.068599126,10.46122183,74.39399933,0.503647999,31.81383118,15.81644647,5.732982775,87.922705314,2014,53,217125,32003,-40.322044322061,-18.2056054551124,0.000244099021301094,0.000161433157064307
0.139762404,18.12430038,76.16683217,0.516963122,46.93134119,17.71044551,7.288864981,57.4468085106,2014,10,59014,32004,-40.1366160421775,-19.4723478758515,0.00016945131663673,0.000193461465754984
0.181232488,12.14996342,77.54922049,0.577091844,42.08771674,12.41771448,9.46412093,76.9230769231,2014,52,207605,32005,-40.9986249444551,-21.0613123915385,0.00025047566291756,0.000286777963014458
1.114017431,9.414497418,81.76862017,0.571705071,33.00530099,10.45394715,7.893672933,80.7829181495,2014,91,349310,32006,-40.7302016833284,-20.6533665071892,0.00026051358392259,0.000269789475483231
0.123420333,12.1825323,44.42223383,0.506691709,40.58440324,21.38150697,2.655156006,56,2014,16,142777,32007,-40.7438599659685,-19.3632046526677,0.000112062867268538,9.10246706645278e-05
0.059314818,11.09659139,42.01115501,0.493012607,36.48870184,22.8047425,2.081134067,48.6486486486,2014,7,113196,32008,-41.2914348269227,-20.8505971902238,6.1839640976713e-05,8.27545779602142e-05
0.250288586,4.628579208,98.63983038,0.530138807,23.28914637,0.430454342,7.928323546,40.0077160494,2014,661,1746455,32009,-40.8567148780743,-18.4379819950749,0.000378480980042429,0.000309882975772456
0.228507838,7.084443885,84.22161479,0.531275761,31.49660159,3.877592725,7.453409516,63.1147540984,2014,43,206201,32010,-41.5932291446975,-20.5330686123885,0.000208534391200819,0.000276439416013908
0.082752696,15.34987958,59.68553976,0.517556062,45.37733575,24.32291979,4.214612857,55.9322033898,2014,19,169852,32011,-41.0326821514535,-20.2034520563197,0.000111862091703365,0.000125100158908546
0.089105901,8.048947973,79.64742963,0.53015174,31.91250412,8.66662209,6.420427424,48.6153846154,2014,90,360232,32012,-43.5545890849657,-22.444072623252,0.000249838992649182,0.000191786656337247
0.074229209,11.51633161,66.78507993,0.576308511,47.01515373,10.72944809,8.018018018,60.6382978723,2014,24,82708,32013,-44.2342517889154,-22.548600322276,0.000290177491899212,0.000222253467288694
0.065600992,9.313397983,85.025036,0.508460981,33.02265573,8.430774972,7.89039856,73.5159817352,2014,48,199546,33001,-43.0959553422159,-22.1146783789904,0.000240546039509687,0.000255698522716019
0.0719107,10.77028928,78.80350401,0.524490787,37.97649028,10.31283924,7.096241083,56.25,2014,38,123562,33002,-43.0074365766165,-22.3339056090968,0.000307537916187825,0.000208031561025771
0.058335814,8.249020888,85.70874612,0.565217305,39.06853084,5.081358369,9.627674248,84.110787172,2014,210,606552,33003,-42.066854432347,-21.535660163665,0.000346219285403395,0.000400444136457396
0.102852336,5.279433514,93.57421427,0.585331447,23.88880145,2.087476333,7.932699342,63.9344262295,2014,109,288604,33004,-42.0343613573808,-22.0032750640581,0.000377680143033361,0.000369792776329283
0.029554625,6.385628624,91.47606075,0.563605039,32.24953399,3.801646074,8.614425125,70.4819277108,2014,55,158889,33005,-43.2122416458329,-22.7728720544304,0.000346153604088389,0.000385156404133618
0.041294093,8.277714472,82.50401029,0.532088469,33.18530351,4.441941329,5.945734156,68.2926829268,2014,20,64211,33006,-42.5086121444076,-22.2113861348259,0.000311473112083599,0.000265814470511641
0.080601942,6.627075324,80.52219769,0.545473214,22.39058763,2.200528425,3.509819374,55.9210526316,2014,49,236781,33007,-41.7725994670369,-22.2094299748672,0.000206942279997128,0.000194750014121328
0.074563633,14.1133218,51.93695984,0.531839561,43.26035886,22.61629131,5.399615896,20,2014,2,29634,33008,-42.6833125474448,-22.5867439524869,6.74900452183303e-05,0.000123391998658973
0.116399379,5.671984911,89.02212204,0.581409067,25.21906906,1.530226224,8.550271476,82.0754716981,2014,49,187921,33009,-42.2335933119172,-22.7881456427207,0.000260747867454941,0.000447695241145302
0.134826453,5.800520743,88.71469163,0.594860116,31.08045334,1.906271119,9.782358697,80.5161290323,2014,266,586326,33010,-41.8584077940483,-21.1525035834573,0.000453672530298844,0.000456347401251375
0.067940077,4.258122629,96.69917104,0.53486502,24.34173351,0.8115085,8.198393125,82.8978622328,2014,265,696691,33011,-43.8654731617303,-22.8422997025684,0.000380369489486731,0.000444271914280201
0.103321117,5.30254142,91.41350139,0.547749826,31.50782321,2.587108786,8.991868161,44.2953020134,2014,47,178851,33012,-42.390985022684,-21.9041560682329,0.000262788578201967,0.000349432362445906
0.360792875,5.698731907,92.24077974,0.625798461,25.82297321,1.010598965,7.44437513,24.6200607903,2014,90,224905,33013,-41.4035598188182,-21.6692016607558,0.000400168960227652,0.000342796873724451
0.070247454,7.205424394,80.77296634,0.55632107,33.32283328,3.220832942,8.741240318,66.1971830986,2014,59,167634,33014,-43.8071216235648,-22.2665961658885,0.000351957240178007,0.000321832860899156
0.068137208,5.070955335,90.95379589,0.553324802,25.7448621,1.079168848,6.667218064,66.4488017429,2014,159,490311,33015,-44.5758998132423,-23.0624513538866,0.000324283974864933,0.000346274618381163
0.069201632,8.587189487,80.31304633,0.592929627,34.22875997,5.607129595,9.230564734,79.2349726776,2014,45,113251,33016,-42.2715088178108,-22.5275484803144,0.000397347484790421,0.000361865528891068
0.125596135,5.37684875,89.66670093,0.649345813,30.99134388,1.716842496,10.74523068,74.4318181818,2014,117,239472,33017,-49.8614099702764,-20.2340028226073,0.000488574864702345,0.000398123009660485
0.100678312,3.52672129,99.70670546,0.572758436,24.7658036,0.761724101,8.310499046,72.7046484757,2014,8661,11868032,33018,-50.4724539028553,-21.9150999081804,0.000729775585370852,0.000395236519187817
0.07171726,8.195272084,87.1820479,0.458178314,18.89261113,8.444833966,5.121668303,52.4390243902,2014,38,154932,35001,-47.9104592731391,-23.2160691254414,0.000245268892159141,0.000143728227114151
0.061172018,7.379072352,90.32048402,0.473954891,16.77308472,5.035808944,5.322493225,66.2162162162,2014,27,109461,35002,-47.4193857458652,-23.4361634658861,0.000246663195110587,0.000195203009189088
0.040150565,6.719700761,91.51102348,0.471572897,16.8748368,4.387727052,5.272203202,82.6771653543,2014,36,148510,35003,-46.5948525286529,-23.6887171413442,0.000242407918658676,0.000236478865015748
0.057364832,4.747920121,92.36969146,0.485358246,13.8695426,1.95537699,4.752699961,72.4489795918,2014,220,819766,35004,-45.7619598604352,-23.0960469744118,0.000268369266351617,0.00023062068076208
0.072246179,6.731933112,96.49560879,0.517838765,14.03063656,1.651885167,4.711218937,89,2014,32,235304,35005,-49.4167763932182,-20.6938077620158,0.000135994288239894,0.000217025698042389
0.032350594,9.110473458,86.67371191,0.481434884,18.93325826,7.586251537,4.43287132,83.3333333333,2014,2,48586,35006,-48.1276636305806,-20.5043292362113,4.11641213518297e-05,0.000131023974839798
0.013774737,7.261761158,87.52467974,0.469879502,14.5939379,6.99651757,4.481638336,68,2014,11,69637,35007,-46.9119561034021,-21.7214464663684,0.000157962002958198,0.000131708803809033
0.036605993,7.860425851,89.74653505,0.487043556,15.84075618,6.148928884,3.196391328,72.7272727273,2014,5,84260,35008,-47.8894549641136,-21.9673677189419,5.93401376691194e-05,0.000129890832349609
0.075295646,4.708214253,95.40475101,0.495502262,17.23813056,2.91935372,6.133311041,90.2255639098,2014,34,142901,35009,-46.2499567436051,-23.8634166881897,0.000237926956424378,0.000317471857564305
0.055821258,6.429446964,96.10102702,0.541609869,19.51216039,1.893105977,7.145417162,63.1578947368,2014,21,225308,35010,-47.8900613188575,-22.3189446441517,9.32057450245886e-05,0.000274426390410489
0.040748093,7.564656605,94.17720196,0.505405449,22.0461624,2.331572425,6.704924258,47.1428571429,2014,20,100912,35011,-47.7551886770742,-21.3325760806468,0.000198192484540986,0.000211891315161458
0.092060077,4.271956073,94.97186479,0.548464285,18.14966015,1.294364316,5.110195477,87.037037037,2014,62,411607,35012,-47.8858551308011,-24.5721863635229,0.000150629119524206,0.000348553360381087
0.053650303,6.588102977,95.25819515,0.524906036,18.81033095,2.597412712,6.711681674,51.914893617,2014,100,429062,35013,-51.7317974647041,-22.2040623339577,0.000233066549822636,0.000262803734133965
0.082030164,4.322923853,98.09529251,0.515752459,15.48747842,0.534306379,5.437243418,84.0869565217,2014,312,1123155,35014,-47.2789220640797,-21.9653633519012,0.000277788907141045,0.000275984832811731
0.050778128,5.550328136,86.6641591,0.500687509,21.05810502,3.561676719,4.87782557,83.3333333333,2014,9,112698,35015,-47.7700446976682,-22.7702939878653,7.98594473726242e-05,0.000218729798372504
0.07319355,7.083478487,88.18832205,0.495970772,21.14727679,6.199251814,6.52424619,95.0819672131,2014,96,190243,35016,-47.5856877832386,-23.8707239316814,0.000504617778315102,0.000265146599810017
0.060414718,5.171950306,94.37441534,0.482352497,17.06481222,1.799056946,6.075114701,88.7133182844,2014,149,272723,35017,-45.2854319664205,-23.2510102204137,0.000546341892689652,0.000313691687485204
0.114549316,6.299353739,93.41554997,0.511263524,16.78222132,3.530076589,4.891103058,86.3436123348,2014,62,275866,35018,-49.5787929712074,-22.9897078626425,0.000224746797358138,0.000236334455751247
0.026213956,6.199666541,91.53039571,0.511265185,20.54387366,4.203971191,7.298125139,53.591160221,2014,54,169992,35019,-46.9050463490925,-23.4520468421402,0.000317662007623888,0.000247045543537158
0.196544449,4.448288672,94.20621145,0.505308945,18.42669662,1.722184714,6.154512173,83.7554585153,2014,326,596251,35020,-49.2669556313846,-21.3641615515105,0.000546749607128541,0.000256902850899455
0.049084431,6.123172904,95.79866144,0.547810579,16.06177785,1.443761859,4.654503818,68.137254902,2014,76,369591,35021,-49.876926742924,-20.7654188506857,0.000205632712917793,0.000208978611639824
0.071735207,6.35538262,87.74448816,0.550540844,24.64914416,4.608958926,5.009792446,84.9246231156,2014,63,191163,35022,-46.0955472835341,-23.5606388368537,0.000329561682961661,0.000264510099851503
0.069427704,5.181682153,92.36054192,0.512843008,19.6628914,1.878939774,6.390955704,60.4562737643,2014,58,223312,35023,-46.9703300025784,-22.3844414370118,0.000259726302213943,0.000245078728136019
0.076869614,5.593562169,95.24364282,0.521651914,16.91547974,1.654934851,6.357774612,88.8888888889,2014,91,536967,35024,-49.9563907294062,-22.2359165239764,0.00016947037713677,0.000296189674861058
0.104606237,4.567773195,94.81859076,0.516423265,15.53366131,1.200808708,7.065620271,79.0697674419,2014,48,331319,35025,-49.7601750611485,-21.671332738014,0.000144875482540995,0.000282318541173907
0.090692852,4.26778415,94.62150163,0.522038883,15.04462994,1.384853007,6.10294567,68.0608365019,2014,63,259149,35026,-47.3561085871867,-22.3923832418376,0.00024310338839818,0.00025385342818098
0.055824886,4.935888598,96.19716728,0.560083642,17.15174097,0.643681815,6.322135016,93.8559322034,2014,138,620863,35027,-46.9345914002366,-23.1783669629677,0.00022227125791036,0.000370817804284089
0.063659333,3.798032334,95.3559258,0.545791439,15.36561077,0.640793062,6.130530936,73.2217573222,2014,190,595583,35028,-48.6209007219863,-22.2776473444759,0.000319015149861564,0.000280189914341037
0.073545034,5.673014514,94.08044192,0.534135605,20.05777058,3.089085464,5.654439128,81.6326530612,2014,41,195455,35029,-50.7290867532465,-20.2212583624536,0.000209766954030339,0.000245650319428752
0.043725725,5.609221106,88.11319833,0.517536428,21.12603663,4.580218404,5.506829411,50.6329113924,2014,78,427435,35030,-48.4458870405955,-21.1441656466941,0.000182483886438874,0.000159816833982472
0.075480765,5.123201664,92.23723422,0.552309062,16.90768426,1.373003562,6.897776977,40.2985074627,2014,57,410102,35031,-47.7594026840848,-20.2606352304676,0.000138989812290601,0.000200957199639937
0.087498807,3.681936099,98.13607015,0.537975555,13.45705189,0.26343603,6.589639581,73.5785953177,2014,725,2858848,35032,-49.0457068109016,-23.8666410536836,0.000253598652324293,0.00034903951441478
0.074336145,6.017322595,75.70940716,0.527536013,16.34058907,2.584275517,3.768115942,71.4285714286,2014,17,190666,35033,-48.2353509908295,-23.5401803975555,8.91611509131151e-05,0.000174266457479373
0.086096307,7.79719649,88.18500375,0.48241109,19.60148285,5.293005671,5.397213564,88.3561643836,2014,86,122671,35034,-46.9500265157417,-23.8188682589048,0.000701062190737827,0.000237269973213307
0.052330603,7.809357102,85.18602584,0.484395206,21.07940172,4.78623232,5.856310171,93.3837429112,2014,172,166171,35035,-47.0012299334654,-24.1716557790653,0.0010350783229324,0.000263684431580382
0.103075163,6.682884662,89.75474739,0.498012699,23.34077424,6.323928628,7.29957214,81.7412333736,2014,239,601915,35036,-46.3389121143848,-23.3475364952386,0.000397066030917987,0.000266555992538937
0.317017846,7.774172321,91.53890301,0.496161479,23.45176265,5.076156423,6.495673218,96.6666666667,2014,26,113792,35037,-45.0896275028478,-22.7111711371686,0.000228487064116985,0.000284417417791039
0.095977716,5.305751651,92.61244077,0.494941862,20.24040338,2.295242484,7.211026148,79.0760869565,2014,107,348022,35038,-46.6430524995017,-23.3225823421721,0.000307451827758015,0.000316866040109604
0.10876939,6.197952479,92.39485941,0.503083626,22.05869908,3.78569665,7.170857041,68.4426229508,2014,87,278220,35039,-47.4170779067198,-20.4658630850859,0.000312702178132413,0.000206153397934848
0.065191072,6.320482907,90.09475126,0.525149144,23.39843018,4.403673723,6.044757217,80.4469273743,2014,64,305865,35040,-50.2742793588133,-20.1530850892051,0.000209242639726677,0.000221416337857937
0.121431393,7.799387016,82.02524276,0.589876354,41.21117169,7.599080211,7.188046089,69.8224852071,2014,66,250874,35041,-51.6416341871961,-21.4032357210697,0.000263080271371286,0.000274421446262933
0.088725124,5.16608172,85.48822304,0.593745825,27.33747923,2.68893543,7.121137813,78.1362007168,2014,107,207195,35042,-48.9034027181675,-21.0717641750501,0.00051642172832356,0.000272248569611923
0.067231985,4.620531256,89.25531832,0.566958496,18.77056501,1.306426859,5.755157356,78.1420765027,2014,64,281671,35043,-45.3101767376503,-23.551869899647,0.0002272154392891,0.000324785336103304
0.086623676,10.5036886,62.00256169,0.634255064,48.84580764,11.66637602,8.167290719,36.9230769231,2014,24,137152,35044,-48.6473868974763,-24.3249884557007,0.000174988334111059,0.00023317571180457
0.094066417,8.461296523,51.08704843,0.625471769,35.04660212,9.418390479,5.786167595,60,2014,35,199246,35045,-45.6828348347614,-22.7913291782353,0.000175662246669946,0.000163925893877903
0.086943582,4.053476878,93.43625056,0.590879897,17.75173436,0.722584729,8.058966973,67.9577464789,2014,403,1434155,35046,-47.1669000802443,-22.8775041253591,0.000281001704836646,0.000350287522742641
0.07169104,3.706134401,96.32765016,0.580319901,13.15473284,0.111643556,6.037108103,96.6850828729,2014,145,688773,35047,-46.5126220283437,-23.0244701708171,0.00021051928574436,0.000369605549260195
0.07166214,5.278094378,89.7665661,0.578396662,17.29708328,1.131306246,5.223545659,90.5325443787,2014,115,541502,35048,-48.3633732506616,-22.8861739865326,0.000212372253472748,0.000292852354853077
0.027591014,5.757132268,84.46335478,0.58376097,28.76927365,1.334668001,3.857264699,34.6153846154,2014,7,72563,35049,-50.2470708395717,-21.3802219304451,9.64678968620371e-05,0.000189861645995283
0.077589167,3.37400591,96.69546464,0.571451384,19.02538084,0.40915892,7.985662904,88.2270497547,2014,418,1522740,35050,-49.2108512522431,-22.2640975220826,0.000274505168315011,0.000384199767724348
0.050729485,3.58669157,93.87739877,0.5580454,27.12694372,0.890135858,9.033740912,52.9667149059,2014,155,424770,35051,-47.3901604857556,-21.0670003786742,0.000364903359465122,0.000297749362509398
0.102735817,9.154647436,69.4722423,0.55313908,42.51455716,8.925759961,5.842919805,70,2014,8,27418,35052,-48.6608272323082,-20.4841009088392,0.000291779123203735,0.00015523942676379
0.065348335,10.44258133,48.71150131,0.541447258,39.93424344,16.05887234,5.710976479,12.5,2014,3,72661,35053,-44.5699441412439,-22.724560770369,4.12876233467748e-05,0.000103708712326913
0.288878873,5.380028272,97.4845535,0.606879284,25.84274882,0.274470863,7.001691684,54.4144144144,2014,182,310240,35054,-48.9317972358529,-23.1949262207015,0.000586642599277978,0.000367959894669222
0.346481001,8.563272543,71.99004893,0.609102863,42.0979269,8.662136392,7.675300951,78.0780780781,2014,104,251755,35055,-50.3987601989456,-20.6580274228581,0.0004131000377351,0.000230623660859851
0.535653891,6.12159176,95.22481924,0.574418895,33.89416416,1.393992251,10.02330532,72.3262032086,2014,220,238570,35056,-50.5458920232113,-22.5954914104525,0.000922161210546171,0.000463327958542231
0.082147972,4.147023554,99.92726129,0.68141748,22.67195685,0.230822148,8.511563869,92.0454545455,2014,729,1892513,35057,-48.5241246745263,-21.7041475249413,0.000385202109575998,0.000472814244264879
0.10274252,5.684366443,94.92394628,0.728337331,27.99972091,1.100675309,8.655321651,88.6281588448,2014,217,495465,35058,-50.7184302439908,-21.1270975047772,0.000437972409756491,0.000502111103589635
0.115858171,4.275917194,98.97197212,0.699094893,25.31120363,0.223522749,9.570882519,95.8977407848,2014,523,1449211,35059,-51.2594287916583,-20.8134420216116,0.000360886026948457,0.000580530883960649
0.101519963,4.954313268,98.91691776,0.684480349,25.25079141,0.628401072,8.546285127,80.3872053872,2014,416,1078149,35060,-46.6328600618467,-22.6627250479594,0.000385846483185534,0.000505476919582823
0.111084301,3.195890202,99.17446291,0.585757402,17.83796459,0.046597896,7.507794329,83.5735100395,2014,6562,14597964,35061,-51.0475433187665,-21.6515056390452,0.000449514740548751,0.000401937717495288
0.096247195,4.840132203,95.26983399,0.697940985,29.16100872,0.639442629,10.34416727,87.2222222222,2014,450,1421902,35062,-49.8096953092102,-23.6761475150534,0.00031647750688866,0.000635545172783858
0.152683899,3.890592292,99.87926687,0.583223782,20.26732892,0.112301647,9.403939353,93.8771274388,2014,1377,1570532,35063,-51.246212796229,-26.1503212218995,0.000876772966103206,0.000663792633262155
0.098968219,10.11461971,85.58202914,0.512159638,24.7016174,8.312890535,4.871904078,51.3812154696,2014,48,283984,41001,-53.5141634170227,-23.7282243713599,0.000169023606963773,0.000193423640629981
0.079595009,10.13255951,80.1989498,0.500468225,23.29604376,10.02068359,4.812074536,80.859375,2014,72,276155,41002,-53.9106338316363,-24.5402324706312,0.000260723144610816,0.000209125653070483
0.063889688,7.949050279,85.21129233,0.52219348,16.28113378,7.19443466,3.579770488,37.5,2014,16,152865,41003,-50.6745964968507,-24.4074078606366,0.000104667517090243,0.000142989561117882
0.102782846,12.74894271,77.17278653,0.507269422,33.76480119,15.67542042,4.739870155,38.4615384615,2014,12,116297,41004,-50.339651248635,-25.8501359320461,0.000103184089013474,0.000165700844341904
0.119609521,10.44973858,81.91780066,0.51669683,28.67558278,10.63739196,5.47252388,53.6585365854,2014,25,224566,41005,-49.4360108578555,-25.9890616228071,0.000111325846299084,0.000202111548728849
0.065792693,9.811782666,88.00234896,0.502431826,19.73638874,7.787610619,4.951873723,24.6153846154,2014,31,193449,41006,-50.7944588807046,-25.1595533351802,0.000160248954504805,0.00016724894539616
0.029077164,10.227586,86.93950738,0.527951114,23.64171057,6.890951276,4.967649696,60,2014,20,84973,41007,-51.2349132261152,-22.9126488467083,0.000235368881880127,0.000182062437540602
0.037469376,8.82018479,88.90041793,0.469364424,16.8314804,5.12910592,4.163845633,0,2014,3,36091,41008,-49.9924992610545,-25.0543753269294,8.31232163143166e-05,0.000107480503828065
0.096026288,4.557675458,97.13086773,0.485980181,12.76040698,1.825015876,4.319856629,30,2014,119,588178,41009,-51.9754780706521,-24.8058380462014,0.000202319705939358,0.000224278303685815
0.106277702,6.289829749,92.61666156,0.507838084,17.78692624,5.083464774,3.891848917,45.5089820359,2014,45,308397,41010,-52.6324777556574,-25.9743948749315,0.000145915816301715,0.000211950561226516
0.315773493,5.280362786,95.92089101,0.515797037,17.29825272,2.279553859,4.954158244,62.9230769231,2014,171,776988,41011,-52.7929834199719,-22.9485512441232,0.000220080619005699,0.000269532376641732
0.086284999,12.80362289,72.7943397,0.510806694,33.01679741,14.05256604,3.585961343,41.1764705882,2014,7,47359,41012,-48.5900419887468,-25.4683641638997,0.00014780717498258,0.000134686695924591
1.735573815,14.66968973,60.00770075,0.548724426,41.17905015,24.46430978,3.936256363,33.9622641509,2014,22,138183,41013,-52.0462470548509,-26.2503869300332,0.00015920916465846,0.000153979649828032
1.378331671,12.68314017,80.16804125,0.55024802,36.24222595,13.63016411,6.300910398,46.6666666667,2014,13,72749,41014,-51.8920269230238,-23.4688914785257,0.000178696614386452,0.000195833647095471
0.266052496,10.75999049,84.20306216,0.516400161,30.28420349,8.608534323,6.310885218,32.03125,2014,37,179693,41015,-51.1762592024705,-23.4425231315806,0.000205906740941495,0.000188319693852515
0.081598016,9.267917693,85.67383641,0.533349258,29.32346897,6.390341633,6.797920984,61.1111111111,2014,33,127552,41016,-49.8730663892635,-25.7508569809571,0.00025871801304566,0.000286694433222061
0.127974767,12.5630109,71.78350289,0.548863754,39.20212766,15.22474625,5.369679684,40.3846153846,2014,18,80870,41017,-49.7648199053632,-24.2873911227106,0.000222579448497589,0.00016165306104871
0.168927462,10.44054815,71.75876754,0.518384314,34.69881478,16.67638663,3.92494929,38.9830508475,2014,18,102573,41018,-50.0014987500384,-23.2296414278764,0.000175484776695622,0.000115802655119265
0.535223492,11.78423308,72.62435613,0.611018168,39.33958753,13.29066034,6.620988604,72.8155339806,2014,34,168444,41019,-51.5607943732625,-24.3553906707158,0.00020184749827836,0.000244781714723376
0.104686986,7.328698297,80.78644852,0.581239876,38.99710569,12.80485846,7.45436812,51.0638297872,2014,23,105662,41020,-50.7925830702669,-25.6711095417853,0.00021767522855899,0.000265911893327161
0.166053849,4.379323645,90.0718869,0.539500385,27.00446906,4.6055919,6.145323306,31.5789473684,2014,83,459835,41021,-50.3539803229073,-23.8401682591052,0.000180499527004252,0.000239700131181802
0.35126264,6.441488718,81.03658214,0.474656357,20.78252938,7.211832984,3.863418977,53.7634408602,2014,67,401577,41022,-51.9497058929086,-25.4400739909669,0.000166842224529791,0.000164043406132624
0.110860136,6.355113218,85.42882086,0.505384901,23.04140581,9.839225957,4.285288228,51.0638297872,2014,77,459734,41023,-52.8674324555185,-24.4190734675478,0.000167488156194669,0.0001689059677102
0.27446184,6.157784531,90.03498043,0.530396964,26.05657238,3.126889522,5.916982123,39.1304347826,2014,173,425301,41024,-53.2076636800723,-25.9593948581133,0.00040677073413888,0.000319033738360145
0.038828023,8.667797249,60.36708223,0.50795665,29.45833817,11.18468498,2.511713649,70,2014,6,98899,41025,-54.0939828135896,-25.3004612963501,6.06679541754719e-05,0.000132878868425761
0.068891263,7.986688852,67.92596046,0.512876045,26.22749319,14.49113318,3.202963205,50.6329113924,2014,20,255135,41026,-52.2046347514252,-23.5190371528986,7.83898720285339e-05,0.000107171669155104
0.568295865,6.019747491,77.58994882,0.48397661,22.45470478,12.51783376,3.134347617,55.5555555556,2014,18,167576,41027,-51.5139289744547,-23.9033258441056,0.000107413949491574,0.000114960267669383
0.198059022,12.8912715,47.18029973,0.628657121,51.14991369,40.44046253,3.263397173,12.5,2014,3,75156,41028,-49.261549902006,-25.3454170990251,3.99169726967907e-05,9.14639257504546e-05
1.073300783,8.672321714,69.45774242,0.599500931,41.60336563,21.0116141,5.124762286,69.1780821918,2014,38,395230,41029,-50.5347767218139,-23.2349470407463,9.61465475798902e-05,0.000183207191752636
1.715189943,9.81991377,73.79521739,0.609463001,42.7560538,15.60151093,4.338708511,29.6296296296,2014,7,95186,41030,-52.7527243846007,-23.6128785437187,7.35402265038976e-05,0.000176370897938252
0.076367405,7.323413032,45.97239864,0.603397694,44.34384505,27.31135416,3.117229668,42.1052631579,2014,10,136147,41031,-49.126814525835,-24.7834502767705,7.3450020933256e-05,0.000128760757310102
0.045151823,4.655732446,66.72105409,0.543335696,34.13093296,16.98537683,4.479740167,45,2014,3,102586,41032,-53.2215125322829,-25.0333526433573,2.92437564579962e-05,0.000157658147921255
0.162823183,5.600557038,70.84008193,0.561983885,38.67348608,15.67902296,5.545087957,73.8095238095,2014,14,122250,41033,-53.6254344819742,-25.7759636205281,0.000114519427402863,0.000240846704623518
0.054564129,5.065404954,48.85254847,0.572291562,37.90249726,27.95021433,4.190719184,68,2014,12,66335,41034,-52.3227172816313,-24.1502062623849,0.000180899977387503,0.000149893003583916
0.120519266,17.45246411,26.84824903,0.651959031,56.96425488,31.39297848,2.600082542,83.3333333333,2014,3,29885,41035,-51.8524437860427,-23.007920252448,0.000100384808432324,0.000151533288850402
0.123366905,5.739060832,61.01605792,0.550714182,33.4720052,16.07985012,4.35512259,16.0714285714,2014,5,52049,41036,-50.8179274831746,-23.4826624320398,9.60633249438029e-05,9.83772318529093e-05
0.156813052,3.189794143,94.00391853,0.50129032,15.12926821,0.814834582,4.676229333,51.0978786751,2014,688,3294011,41037,-51.4420306125702,-23.6112737369778,0.000208863904826062,0.00024068077657576
0.217037439,5.009183928,90.48388798,0.576758648,30.74294115,1.551567158,7.323833755,71.568627451,2014,181,283981,41038,-52.2891507307925,-26.711856965342,0.000637366584384167,0.000512231950546353
0.163072009,6.034018893,49.61521708,0.556223526,35.01398358,8.946154691,4.709696301,32,2014,8,95791,41039,-49.0626265759805,-28.3087382232945,8.35151527805326e-05,0.000188721612682975
0.065815077,6.172606792,57.91440606,0.493793513,21.43963517,17.16761441,2.479157525,26.0869565217,2014,9,179000,42001,-49.0001015438067,-27.392425994408,5.02793296089385e-05,9.65351978694694e-05
0.391047385,6.127209596,73.81142826,0.498306262,17.01138671,12.20175528,2.881872108,19.8473282443,2014,41,430084,42002,-49.1259112113789,-27.7950845736323,9.53302145627366e-05,0.00010994256736508
3.026268324,7.967206586,68.37831633,0.524586302,25.66112948,18.30293623,2.653466851,10.6382978723,2014,14,159189,42003,-53.506813880754,-26.7109010234795,8.79457751477803e-05,9.57702769784953e-05
0.15315859,5.583746188,80.48391988,0.501902724,20.65177906,6.911499213,3.843933444,35.761589404,2014,39,341594,42004,-49.4327958778632,-26.3198822596575,0.000114170623605801,0.000169956032332963
0.166208888,4.93793323,65.76730756,0.47321483,13.52370309,6.693295908,2.03475265,22.2222222222,2014,12,146019,42005,-49.8418910456823,-27.0821543394722,8.21810860230518e-05,9.87286255551823e-05
0.105440656,4.859962103,66.42966452,0.523074172,31.85513308,14.30096917,4.319057955,67.1232876712,2014,40,252359,42006,-48.9325191023692,-26.3336443441212,0.000158504352925792,0.000169517972694673
0.051426085,3.037093395,90.84140987,0.476157774,18.80904371,0.97715736,4.855464229,65,2014,21,133339,42007,-51.2587464917367,-26.9148101264658,0.000157493306534472,0.000323471046334591
0.156044376,2.483969968,93.41006207,0.49466284,10.66734769,0.29870624,4.222940315,73.6949846469,2014,284,925643,42008,-49.5666781434732,-27.4705620106019,0.000306813750009453,0.000332170447651512
0.122323161,8.784095655,80.99750461,0.527691179,32.87437583,8.517250461,5.14509338,40.9090909091,2014,16,126895,42009,-48.7369046533639,-26.8940427035349,0.00012608849836479,0.000229470820534903
0.107350897,6.876421462,82.04670644,0.501903847,29.50340867,6.984255147,5.267261854,48.7179487179,2014,50,288227,42010,-48.680748131566,-27.6525261442239,0.000173474379568881,0.000249425032193642
0.756000664,4.199162424,68.85755561,0.454182013,12.94487879,4.839332314,1.704082142,75.5555555556,2014,11,217647,42011,-50.7819139717236,-27.2866554793339,5.05405542001498e-05,0.000141230114450041
0.134046674,2.335624286,90.00968443,0.468117692,5.922861944,0.477314838,2.08825808,75.1773049645,2014,174,743398,42012,-49.4260881401893,-28.6152278761917,0.000234060355287477,0.00024040545438174
0.14922576,3.163524088,94.93000226,0.525308359,12.35341982,0.214021098,4.547497195,69.1868758916,2014,370,650754,42013,-52.0846767528465,-27.1812985524794,0.000568571226607904,0.000351266914086876
0.043039291,5.762901758,52.37164428,0.478437364,20.69705384,12.87117273,1.178888822,33.3333333333,2014,2,58555,42014,-52.956196528374,-26.8188124237533,3.41559217829391e-05,8.20614586565213e-05
0.400404757,5.586693689,74.64066937,0.538489989,12.63326284,4.450873096,2.016682925,58.5714285714,2014,27,102749,42015,-50.3054191294463,-26.4110350335441,0.00026277628006112,0.000145485923838811
0.248787375,2.921269269,95.50463416,0.482685064,9.56966745,0.126276378,4.317448002,42.2485207101,2014,412,963534,42016,-50.215579822178,-27.9386934273378,0.00042759259143943,0.000295389932295306
0.012537613,7.713104326,35.46054831,0.473079748,20.47545046,13.91292945,1.128429367,20,2014,3,24874,42017,-49.2194563950565,-26.8991382387016,0.000120607863632709,6.82385715388976e-05
0.117911001,5.013645434,78.88939575,0.501388502,15.7625743,3.357666631,3.3878156,43.3908045977,2014,104,396845,42018,-49.732482665993,-28.9836011938234,0.000262067053887538,0.000209106405725637
0.101787232,3.462765811,89.83535374,0.508349696,12.27827784,1.161486909,3.999248224,72.536687631,2014,145,393988,42019,-50.7393957612265,-28.6499874591205,0.000368031513650162,0.000318218760552009
0.106743064,5.651151187,69.4543383,0.510959538,20.25330531,2.691032724,3.636838825,64.1666666667,2014,43,192455,42020,-53.9581894369666,-27.4824456013476,0.00022342885349822,0.000218154849984612
0.029883771,4.570426651,70.39599176,0.423822595,20.75238522,3.614924712,3.378019644,38,2014,13,161865,43001,-52.558425640726,-28.9578617261338,8.03138417817317e-05,0.000175721850254166
4.292251415,7.025180644,57.72702616,0.462807371,28.15569323,11.67025531,2.496256873,45.4545454545,2014,17,147231,43002,-53.1504842909752,-31.0115788778316,0.000115464813796008,0.000137051200091728
2.960396323,9.239280573,53.43890496,0.508143207,32.39379014,14.91660382,2.699367889,28.2352941176,2014,23,178344,43003,-51.8573310146588,-30.0937269015698,0.000128964248867357,0.000131277680200273
0.79138968,4.757506579,73.02093521,0.459504186,17.42565498,6.725916788,2.313434079,58.6538461538,2014,18,218925,43004,-54.7694374317849,-28.410537331868,8.22199383350463e-05,0.000146442162487668
1.627745894,7.665554832,57.52688172,0.459204156,25.3471763,11.30762824,1.765998117,34.4827586207,2014,11,62343,43005,-54.35100742539,-29.1070905642066,0.00017644322538216,0.000107353922755299
0.015136608,6.056768234,51.92764701,0.452086686,26.77865763,1.944821348,2.616505768,12.5,2014,4,67463,43006,-54.5476234784592,-27.7688917044376,5.92917599276641e-05,0.000128936193335694
0.153322063,6.378156909,75.94011301,0.459095461,30.52135466,6.478276438,4.36413362,36.7088607595,2014,24,201089,43007,-54.2180731124005,-29.8339566156111,0.00011935013849589,0.000216467452023963
0.636146151,5.079986675,79.02022619,0.455677601,21.82151958,6.0345519,4.024875276,39.5061728395,2014,28,191605,43008,-52.6738032195518,-29.5225993132996,0.000146133973539313,0.000200741583632862
0.136915219,6.458712691,78.34989028,0.467634086,25.69432633,5.02352434,4.727674219,26.582278481,2014,28,165976,43009,-51.6742018968406,-27.8149164785904,0.000168699089024919,0.000208808095961822
1.178811302,4.2986799,82.64220956,0.470773534,16.82286353,2.594670407,3.024310615,52.3961661342,2014,99,346534,43010,-53.3907485565526,-29.7224571868029,0.000285686253008363,0.000222651464354344
0.335501222,5.517757575,78.37481611,0.456924083,25.06906818,8.358725353,3.955414896,17.1428571429,2014,25,154223,43011,-51.0980793291439,-30.0205583246509,0.000162102928875719,0.000158161549253101
0.028421875,4.209298936,74.21662206,0.422302003,15.02574616,3.26417704,3.020013582,31.5789473684,2014,8,43982,43012,-52.4593756977198,-31.3966416613848,0.000181892592424174,0.000174576898958691
0.076933837,12.54206291,53.92502448,0.542307852,37.1548755,27.16150433,2.481157507,41.6666666667,2014,17,73954,43013,-52.2175822979844,-28.260670412722,0.00022987262352273,0.000128214430871767
0.062083003,4.479760465,66.66457104,0.472299218,11.06949548,5.781474886,1.518321328,32.2580645161,2014,18,134776,43014,-50.4414303164941,-30.1781824865261,0.000133554935596842,0.000117167687040903
0.106777173,6.676539451,75.93191684,0.493759375,28.92501587,7.285277548,3.617821404,58.75,2014,17,163922,43015,-52.8606236594926,-28.5423146326562,0.000103707861055868,0.000199962918944938
0.105766894,2.562530003,90.59441255,0.47056247,8.426079778,0.964095874,3.277676448,66.265060241,2014,200,826612,43016,-51.4207715971238,-29.564522162039,0.000241951483888451,0.000268499257337011
0.056919824,5.568200106,76.64931967,0.463363186,31.77849202,11.1823722,4.792211304,44,2014,20,114550,43017,-52.8186494050619,-32.8646261643642,0.000174596246180707,0.000220102669483364
0.11487097,4.280027567,87.70522511,0.471443283,23.95263965,5.673152828,5.630438869,68.7912087912,2014,118,379534,43018,-51.9999906256485,-29.3753854330162,0.000310907586672077,0.000313876881216269
0.030044276,6.676543402,49.32637571,0.47253602,27.40317238,10.98470178,2.724543985,32.5,2014,12,64744,43019,-53.2781171912,-32.147913167911,0.000185345360187817,0.00012820259816748
0.051512276,5.417193327,63.41317216,0.484762944,22.30200215,7.657803468,2.753837687,34.4473007712,2014,99,337294,43020,-53.7671753825058,-28.2259057526421,0.000293512484657302,0.000132752403823323
0.101125802,3.938647983,74.89560152,0.454063618,12.26911452,3.683970163,2.391773062,47.619047619,2014,83,323731,43021,-51.8687937799649,-28.7815250067994,0.000256385702944729,0.000155562993857137
0.062104086,8.010757537,73.03963548,0.491634644,30.59698543,6.614499859,5.788075831,73.8636363636,2014,40,157401,43022,-50.8200220597251,-29.5220310657294,0.000254127991562951,0.000293291519884345
0.076042999,3.290240214,74.57843045,0.486810343,15.25529978,0.704152275,3.5295222,79.3296089385,2014,68,216118,43023,-53.1684179768143,-27.4408618196878,0.000314642926549385,0.000259071425963569
0.078224836,3.515077439,86.96983286,0.497554676,13.4605521,1.000509241,2.486030205,59.0909090909,2014,52,316544,43024,-52.3336595948611,-27.611090375818,0.000164274160938132,0.000224523649344425
0.085649825,7.333815998,79.78176703,0.527553517,29.60787289,7.946634481,6.45123263,70.5765407555,2014,142,151755,43025,-53.2480452444441,-28.7409012614392,0.000935718757207341,0.000309070351640077
0.187236651,2.951851041,98.15370825,0.51663547,18.81422701,0.23059204,5.774354765,64.9034424853,2014,2600,3810077,43026,-54.8374181804183,-28.097854944902,0.000682400906858313,0.000451736213086694
0.237160639,5.889266865,83.77897449,0.519809514,24.67712531,1.500341971,5.169169099,55.905511811,2014,163,367376,43027,-51.3104810139542,-29.0810782769326,0.000443687121641043,0.000347614740116553
0.271372501,8.018984526,63.94195388,0.530167025,35.20825284,15.97723135,4.354349661,29.6610169492,2014,45,136860,43028,-53.1083827493156,-28.0060181628988,0.000328803156510303,0.000161545684865172
0.126287238,5.768968267,88.08040654,0.541160047,36.25746208,6.789914508,7.404408244,77.7777777778,2014,95,373335,43029,-56.0363048410098,-29.5498661495833,0.000254463149718082,0.000465564788672849
0.100568809,6.327791437,88.4940632,0.513868255,35.27959808,7.472868217,7.249002008,81.9672131148,2014,28,189297,43030,-54.28343908876,-31.1489978891988,0.000147915709176585,0.000447464714812596
0.066164964,5.516146891,81.55320814,0.514991153,33.07814012,3.949927078,7.319951323,60.1226993865,2014,53,180372,43031,-55.0199722981313,-30.4888699046555,0.000293837180937174,0.000408566571830041
0.194119719,9.770114943,62.56323922,0.498420063,38.70533053,21.86809183,5.070556861,42.8571428571,2014,18,120644,43032,-51.7569709246718,-30.6990920517751,0.000149199297105534,0.00019770078074835
0.128386983,5.254492182,81.21926219,0.51235436,28.24435746,9.413777567,6.467949406,88.3570504528,2014,208,502736,43033,-52.750064178535,-30.1008427304934,0.000413736036408771,0.000337205096315986
0.082778342,7.322692908,87.8748542,0.49507625,37.64469621,6.529821438,6.914201804,43.4782608696,2014,8,54329,43034,-52.9324533474515,-20.5311953778472,0.000147251007749084,0.000262305527590037
0.215299764,6.056556684,92.20491608,0.541282002,28.95320952,1.495721672,8.082601857,85.8255451713,2014,169,271733,43035,-51.6579182662539,-19.8025614139707,0.000621934030831736,0.000395199880830062
1.29856084,6.87413708,88.03535892,0.745820857,42.90857151,8.841826247,7.964515816,85.9531772575,2014,91,145838,50001,-53.0820527563851,-22.0729962982726,0.000623980032638956,0.000483294071115356
14.57208724,10.52007145,71.98003928,0.636944659,47.77628421,13.42327259,6.782275301,52.5,2014,36,109410,50002,-54.3441163948436,-23.1106817118411,0.000329037565122018,0.000362334092765815
0.221892229,10.54072398,84.27978903,0.538831445,31.57093461,14.89125094,5.630917172,50.5747126437,2014,20,123553,50003,-54.9926920052718,-22.1770658857474,0.000161873851707364,0.000222557912383129
0.945241237,4.446826803,94.52915886,0.52918812,23.7021561,3.300676757,6.179288181,50.7258064516,2014,306,941361,50004,-52.7708776721673,-18.8722457890342,0.000325061267675206,0.000295356041222112
0.149231458,8.607852474,87.27221476,0.509223074,22.21515172,7.76998031,4.865938431,65.3846153846,2014,10,67727,50005,-54.6174868216233,-20.458917619736,0.000147651601281616,0.000234939669838528
0.054924936,10.90357895,85.64759115,0.500418691,26.68053672,13.70446363,5.285035629,47.3684210526,2014,26,79569,50006,-56.4523393584502,-21.3818838638699,0.000326760421772298,0.000225604614512498
0.240646161,7.745405953,83.9490291,0.555811187,26.00796432,9.736745738,5.725994019,82.5301204819,2014,51,168170,50007,-56.8668109787078,-19.274816110672,0.000303264553725397,0.000364320433922963
0.191239207,10.02714523,78.22928336,0.557222944,31.89929782,16.11916951,5.901109265,53.0303030303,2014,20,95032,50008,-55.9554058136489,-20.0023113744805,0.00021045542554087,0.000253310249012349
2.326752427,9.840872659,78.55663443,0.586445043,44.05531368,14.92054607,5.296461683,60,2014,18,108378,50009,-54.3626614282206,-18.5798410268046,0.00016608536787909,0.000283452312123355
5.701919871,8.409260074,81.74096012,0.583902502,32.71560797,11.54800723,5.143445059,41.9310344828,2014,180,542454,50010,-53.4947433879074,-16.0250220888815,0.000331825371367895,0.000271081176657278
7.036534664,13.47821089,72.41763243,0.600903046,38.46473949,18.39639269,6.448535353,48.5355648536,2014,63,238165,50011,-57.8673503325101,-14.7432566805654,0.000264522494908992,0.000399071054787647
2.816195485,10.28489591,63.5369149,0.651428265,41.00295202,36.10759572,4.190278058,67.8899082569,2014,26,152295,51001,-54.6178354901795,-11.4862644552266,0.000170721297481861,0.000236598444592345
0.361101865,10.13070565,67.94060984,0.598760978,34.46334586,28.80636605,4.785639031,39.1304347826,2014,34,102328,51002,-56.0382675037767,-14.8671142903433,0.000332264873739348,0.00025677929502034
1.43056039,10.8602646,67.10964149,0.589586323,38.75056936,29.00126422,5.143292261,42.4460431655,2014,48,148564,51003,-54.6284518354837,-16.704694606851,0.00032309307773081,0.000234114464511217
2.334795845,7.335656214,81.92939649,0.648629755,23.3473677,12.98228494,5.491734994,48.4848484848,2014,23,99190,51004,-54.5659467693547,-15.2152093238432,0.00023187821352959,0.000301905782946688
1.56276856,10.49634878,69.27084022,0.616967868,30.81899444,22.12931752,4.465598845,48.7179487179,2014,15,78503,51005,-58.7437424306827,-13.4301206442805,0.000191075500299352,0.000257200105558631
0.201330349,5.179881615,83.46424164,0.622288515,19.75659358,11.82087238,4.612470062,42.4460431655,2014,40,223705,51006,-53.9688484128707,-13.558071364801,0.000178806910887106,0.000244144800661598
0.87130245,6.77384695,78.65049166,0.603442933,25.29924875,11.20498428,4.66380196,39.7058823529,2014,21,187978,51007,-51.7442872985168,-11.1837091044755,0.000111715200714977,0.000183711216269634
6.420233463,15.05417141,69.07830739,0.629411935,35.19460619,22.1163696,4.5427465,50,2014,3,34407,51008,-51.5709276976673,-14.2796938578212,8.71915598570058e-05,0.00018151769327296
3.842727062,11.45461652,58.64858604,0.657616589,45.3112907,29.40599522,5.962992562,18.4466019417,2014,22,121056,51009,-58.5139748642153,-15.5316055057611,0.000181734073486651,0.000298126843162969
12.73839221,12.0145819,65.43916472,0.603057807,30.79279463,23.34499602,4.21375596,52.1739130435,2014,62,106676,51010,-55.7520000589493,-15.8894984798603,0.000581199145074806,0.000293192023407159
5.520560332,8.211273857,87.02775607,0.534912504,29.79447834,10.44776119,7.695920558,66.9902912621,2014,26,66734,51011,-54.6490427391373,-10.1741212085871,0.000389606497437588,0.000396412809771504
0.604951751,10.5100811,67.2440759,0.625263309,35.96277355,26.49568458,6.196943973,13.9072847682,2014,46,70719,51012,-52.698180128058,-13.5797030836036,0.000650461686392624,0.000177688859489344
1.305628972,10.6022426,87.30255122,0.622608166,30.26587569,8.606248716,6.912702443,66.1157024793,2014,26,156519,51013,-59.5618396387456,-10.5681438146646,0.000166114018106428,0.00038589905655728
0.303442113,13.16265135,70.10815943,0.555863011,36.31751381,23.65495776,5.796070942,29.6875,2014,21,107828,51014,-57.1808357822931,-11.7291945864445,0.000194754609192418,0.000256811101964508
0.158730159,13.34986988,76.00732601,0.584025677,40.34538818,24.42955627,8.359090597,13.0434782609,2014,8,32657,51015,-55.7005516799034,-13.0946475699938,0.000244970450439416,0.000297085868043842
0.129487553,18.96597088,53.50101971,0.672111648,48.30805516,38.42087504,6.621873229,16.6666666667,2014,12,30560,51016,-56.9775643719236,-14.4717344817308,0.000392670157068063,0.000238211788822597
0.288050428,5.405930697,95.34633572,0.60312084,24.55268413,3.474049528,6.536676119,52.6967005076,2014,847,890277,51017,-57.169377927649,-16.6714883086541,0.000951389286705149,0.000571236291755371
0.236045333,12.62260216,80.15403471,0.669644992,43.30475662,17.97711333,7.53184517,40.2116402116,2014,59,134727,51018,-59.6921948246526,-15.0855906071928,0.000437922613878436,0.000446764015860068
0.148227841,5.317382261,89.34672165,0.586562347,19.31765847,7.733206364,5.034046693,54.4117647059,2014,24,93250,51019,-53.4860716397302,-17.2967990576305,0.000257372654155496,0.000246911883764823
3.592199167,13.4751773,72.86953969,0.520282747,39.83423983,17.15088508,8.201102389,22.2222222222,2014,5,54544,51020,-57.3595184700075,-9.43629405524924,9.1669111176298e-05,0.000259424427384272
0.283271734,8.558386493,89.94040775,0.570577026,26.22873866,6.658409597,7.473506505,75,2014,80,294225,51021,-46.5540039100783,-14.2029939279769,0.000271900756223978,0.000169666125399216
0.137967475,8.389827188,89.82269712,0.53706139,26.20648616,10.95377307,5.644708787,50,2014,3,37615,51022,-50.2094917052677,-17.1770271681711,7.97554167220524e-05,0.000143860931116991
0.148629092,14.71265158,75.20892818,0.524088317,37.29181181,21.92278516,7.345318187,25.8064516129,2014,24,79749,52001,-51.9225783181007,-17.6581790152309,0.000300944212466614,0.000165542023866667
0.55663035,14.55645102,74.62014504,0.48231989,34.38766309,19.14116188,5.620287868,37.5,2014,30,89792,52002,-50.2878123811612,-13.9596221490745,0.000334105488239487,0.000127703032923918
0.192963157,12.81773308,77.33133758,0.491150632,34.96186278,19.54652912,5.154188234,34.375,2014,6,57659,52003,-50.808215899124,-15.4246713691936,0.000104060077351324,0.000130807824700311
0.094630681,12.86302316,79.96508603,0.507755488,38.26462011,15.76843312,6.581673307,45.5357142857,2014,40,239814,52004,-50.9456311901348,-18.72513187884,0.000166795933515141,0.000151490523040201
0.28396401,17.82998217,67.2260864,0.58360728,53.40451573,22.45650738,8.887109688,46.1538461538,2014,9,66803,52005,-48.9061781716647,-13.9477508126635,0.000134724488421179,0.000166303871588663
0.17860309,11.64386232,83.27790727,0.487860206,32.15321001,11.82169257,4.879731689,54.8387096774,2014,26,244394,52006,-48.4480401704938,-16.957067356873,0.000106385590480945,0.000101632709436456
0.082188738,7.777109738,92.73536707,0.508087667,27.4663143,5.860508843,5.523555912,37.9888268156,2014,38,581770,52007,-49.3530001899092,-17.8723643494786,6.53179091393506e-05,0.000150540366022632
0.084622415,13.20762685,79.7938598,0.43454448,31.25470343,16.43165741,4.59117787,26.6666666667,2014,6,59662,52008,-50.9141176098242,-16.3929191176173,0.000100566524756126,0.000105599819744712
0.094960692,11.64590194,82.76006903,0.471191021,29.6094518,10.6438063,6.182826112,37.5,2014,9,115318,52009,-49.210354494272,-16.7733641453038,7.80450580134931e-05,0.000115234594058964
0.160766843,4.566838307,98.12087512,0.530217881,21.0833012,1.066920382,5.360013093,69.8280643372,2014,396,2324180,52010,-47.9491576185755,-15.7689330859841,0.000170382672598508,0.000198258110565221
0.061503481,18.5154827,64.50596863,0.586710735,53.41391795,25.41355346,10.85790885,39.7058823529,2014,17,115712,52011,-47.4262515335793,-13.8099757508802,0.000146916482300885,0.000148857733228933
0.165144606,8.08077963,89.40794043,0.624136822,38.5580744,7.458437001,8.117006483,53.3073929961,2014,119,1164835,52012,-49.4923930761279,-15.1153600132709,0.00010216039181515,0.000236989605521145
0.089823109,8.585854149,89.70371814,0.535799919,23.934892,7.693946085,5.314827642,55.2325581395,2014,52,494619,52013,-47.9525030184451,-17.8252983160267,0.000105131424389277,0.000121915745113516
0.081890707,12.38298796,79.33008119,0.506416322,31.25816514,15.52038138,6.250322669,25,2014,12,121037,52014,-51.8715022779058,-16.1879430690283,9.9143237191933e-05,0.000155335336762742
0.100187367,9.040650175,89.65440894,0.487795302,24.10299022,6.62297629,4.898660476,43.4343434343,2014,32,387992,52015,-50.1913979784301,-16.4368555805804,8.2475927338708e-05,0.000142707060106704
0.074023215,8.617472669,72.85064475,0.472030004,27.97253382,19.26716262,3.958064582,10,2014,6,98328,52016,-49.4539353127259,-16.0475846777611,6.1020258725897e-05,5.94717191984269e-05
0.141910427,7.114090472,89.40424781,0.476324057,21.89263315,8.281155742,5.67550097,35.4838709677,2014,18,161563,52017,-47.7973607131298,-15.7806923846909,0.000111411647468789,0.000104996787627351
0.064074218,10.98936625,85.25119801,0.503360643,23.05229553,11.70002199,4.370863198,32.2580645161,2014,12,119995,52018,-35.1723775404126,-6.35917570154073,0.000100004166840285,0.000112708389479895
0.238428736,3.472250897,96.57803405,0.541481018,19.99874166,0.972841822,7.816908934,67.6113360324,2014,371,2852372,53001,-34.9815716579165,-7.38042528218963,0.000130067186187496,0.000315927687633405
